Workbook

Sheet STR
A1: POSISI | B1: NAMA | C1: CIF | D1: No Rek/ Kartu Kredit | E1: RESIKO | F1: BRILINK | G1: STATUS PEKERJA | H1: DIGITAL SAVING | I1: SKENARIO | J1: SCORING | K1: INFO PARAM | L1: KATEGORI | M1: UNIT KERJA | N1: KANTOR CABANG | O1: KANTOR KANWIL | P1: REKOMENDASI UKER | Q1: REKOMENDASI UKK | R1: STATUS UKER | S1: STATUS | T1: DISPOSISI | U1: INFO LAINNYA | V1: Disposisi RAC | W1: Tanggal | X1: Status TL
A2: {=_xlfn._xlws.FILTER('[3]STR-2026-8-2026-8'!$A:$U, ISNUMBER(SEARCH("Bandar Lampung", '[3]STR-2026-8-2026-8'!$O:$O)), "")} -> 46265 | B2: ANGGA BAGUS WIDYA SAPUTRA | C2: AEAT812 | D2: 66001000708561 | E2: RENDAH | F2: Tidak | G2: Tidak | H2: Tidak | I2: Narkotika - Area Lapas | J2: 43 | K2: 47 | L2: Narkotika | M2: KCP PASAR NATAR TJ KARANG | N2: KC Tanjung Karang | O2: KANWIL BANDAR LAMPUNG | P2: 0 | Q2: 0 | R2: Belum TL | S2: Belum TL | T2: 00394520 - Frida Akbar Rani | U2: "-" | V2: Ferdi Setiawan | X2: =[1]STR!$X2 -> TRUE
A3: 46265 | B3: AMIN RAIS | C3: AEWAM37 | D3: 561701002148503 | E3: 0 | F3: Tidak | G3: Tidak | H3: 0 | I3: Jual Beli Rekening - E channel Trx | J3: 33 | K3: 113 | L3: Narkotika/Judi Online/Penipuan | M3: UNIT PADANG JATI BENGKULU | N3: KC Bengkulu | O3: KANWIL BANDAR LAMPUNG | P3: 0 | Q3: 0 | R3: Belum TL | S3: Belum TL | T3: 0 | U3: "-" | V3: Ferdi Setiawan | W3: 15/9/2026 | X3: =[1]STR!$X3 -> TRUE
A4: 46265 | B4: FREDI | C4: FQI0159 | D4: 188301007792504 | E4: 0 | F4: Tidak | G4: Tidak | H4: 0 | I4: Jual Beli Rekening - E channel Trx | J4: 33 | K4: 113 | L4: Narkotika/Judi Online/Penipuan | M4: KK RSUD MENGGALA | N4: KC Tulang Bawang | O4: KANWIL BANDAR LAMPUNG | P4: 0 | Q4: 0 | R4: Belum TL | S4: Belum TL | T4: 0 | U4: "-" | V4: Ferdi Setiawan | X4: =[1]STR!$X4 -> TRUE
A5: 46265 | B5: FEBRIAN EKA PUTRA | C5: FRE4399 | D5: 13001127901504 | E5: 0 | F5: Tidak | G5: Tidak | H5: 0 | I5: Jual Beli Rekening - E channel Trx | J5: 33 | K5: 113 | L5: Narkotika/Judi Online/Penipuan | M5: KC Metro | N5: KC Metro | O5: KANWIL BANDAR LAMPUNG | P5: 0 | Q5: 0 | R5: Belum TL | S5: Belum TL | T5: 0 | U5: "-" | V5: Ferdi Setiawan | W5: 39030 | X5: =[1]STR!$X5 -> TRUE | Z5: .
A6: 46265 | B6: MARIYAH MAYA SARI | C6: MEX7747 | D6: 31801048271505 | E6: SEDANG | F6: Tidak | G6: Tidak | H6: Tidak | I6: Perpajakan | J6: 48 | K6: 1.33 | L6: Perpajakan | M6: KC Arga Makmur | N6: KC Arga Makmur | O6: KANWIL BANDAR LAMPUNG | P6: 0 | Q6: 0 | R6: Belum TL | S6: Belum TL | T6: 90186796 - Devito Arya Wiradila | U6: "-" | V6: Ferdi Setiawan | X6: =[1]STR!$X6 -> TRUE
A7: 46265 | B7: NOVI SUSIANA | C7: NAX2706 | D7: 15501002910569 | E7: SEDANG | F7: Tidak | G7: Tidak | H7: 0 | I7: Jual Beli Rekening - E channel Trx | J7: 48 | K7: 113 | L7: Narkotika/Judi Online/Penipuan | M7: KC Kota Bumi | N7: KC Kota Bumi | O7: KANWIL BANDAR LAMPUNG | P7: 0 | Q7: 0 | R7: Belum TL | S7: Belum TL | T7: 0 | U7: "-" | V7: Ferdi Setiawan | X7: =[1]STR!$X7 -> TRUE
A8: 46265 | B8: PT SURYA BUMI PERMAI | C8: PDH2776 | D8: 9801003617306 | E8: SEDANG | F8: Tidak | G8: Tidak | H8: Tidak | I8: Perpajakan | J8: 49 | K8: 1.33 | L8: Perpajakan | M8: KC Tanjung Karang | N8: KC Tanjung Karang | O8: KANWIL BANDAR LAMPUNG | P8: 0 | Q8: 0 | R8: Belum TL | S8: Belum TL | T8: 90185538 - Muhammad Fahikal Auz | U8: "-" | V8: Ferdi Setiawan | W8: 46304 | X8: =[1]STR!$X8 -> TRUE
A9: 46265 | B9: PT CAHYA BAGUS MANDIRI | C9: PEL1801 | D9: 9801005859302 | E9: SEDANG | F9: Tidak | G9: Tidak | H9: Tidak | I9: Green Financial Crime (GFC) | J9: 50 | K9: 45 | L9: Green Financial Crime | M9: KC Tanjung Karang | N9: KC Tanjung Karang | O9: KANWIL BANDAR LAMPUNG | P9: 0 | Q9: 0 | R9: Belum TL | S9: Belum TL | T9: 00336949 - Mochammad Al Farabi | U9: PEP :M ALFAYYAD RYANDIKA | V9: Ferdi Setiawan | X9: =[1]STR!$X9 -> TRUE
A10: 46265 | B10: PT BETA INDOKARYA GEMILANG | C10: PMZ1228 | D10: 28501655665560 | E10: 0 | F10: Tidak | G10: Tidak | H10: Tidak | I10: Perpajakan | J10: 34 | K10: 41 | L10: Perpajakan | M10: KC Teluk Betung | N10: KC Teluk Betung | O10: KANWIL BANDAR LAMPUNG | P10: 0 | Q10: 0 | R10: Belum TL | S10: Belum TL | T10: 90185538 - Muhammad Fahikal Auz | U10: "-" | V10: Ferdi Setiawan | X10: =[1]STR!$X10 -> TRUE
A11: 46265 | B11: ROSDIANA PALUPI RAHMAWATI | C11: RNV6371 | D11: 66001000736564 | E11: RENDAH | F11: Tidak | G11: Tidak | H11: Tidak | I11: Narkotika - Area Lapas | J11: 33 | K11: 47 | L11: Narkotika | M11: KCP PASAR NATAR TJ KARANG | N11: KC Tanjung Karang | O11: KANWIL BANDAR LAMPUNG | P11: 0 | Q11: 0 | R11: Belum TL | S11: Belum TL | T11: 90150130 - Intan Aida Pratiwi | U11: "-" | V11: Ferdi Setiawan | X11: =[1]STR!$X11 -> TRUE
A12: 46265 | B12: SITI JUNAINI | C12: SGFHI11 | D12: 9801214085504 | E12: 0 | F12: Tidak | G12: Tidak | H12: 0 | I12: Jual Beli Rekening - E channel Trx | J12: 33 | K12: 113 | L12: Narkotika/Judi Online/Penipuan | M12: KC Tanjung Karang | N12: KC Tanjung Karang | O12: KANWIL BANDAR LAMPUNG | P12: 0 | Q12: 0 | R12: Belum TL | S12: Belum TL | T12: 0 | U12: "-" | V12: Ferdi Setiawan | X12: =[1]STR!$X12 -> FALSE
A13: 46265 | B13: PERANTARA IA AGING - DEBET | C13: Z001331 | D13: 816301000001991 | E13: SEDANG | F13: Tidak | G13: Tidak | H13: Tidak | I13: Narkotika/Psikotropika- Remark | J13: 48 | K13: 9 | L13: Narkotika/Psikotropika | M13: UNIT TUBEI CURUP | N13: KC Curup | O13: KANWIL BANDAR LAMPUNG | P13: 0 | Q13: Tidak | R13: Belum TL | S13: Pending Checker | T13: 90150130 - Intan Aida Pratiwi | U13: "-" | V13: Ferdi Setiawan | W13: 46243 | X13: =[1]STR!$X13 -> TRUE
A14: 46265 | B14: PERANTARA IA AGING - DEBET | C14: Z001331 | D14: 558401000050991 | E14: SEDANG | F14: Tidak | G14: Tidak | H14: Tidak | I14: Narkotika/Psikotropika- Remark | J14: 48 | K14: 9 | L14: Narkotika/Psikotropika | M14: UNIT KERKAP ARGAMAKMUR | N14: KC Arga Makmur | O14: KANWIL BANDAR LAMPUNG | P14: 0 | Q14: Tidak | R14: Belum TL | S14: Pending Checker | T14: 90186790 - Muhammad Alfin Farha | U14: "-" | V14: Ferdi Setiawan | W14: 46243 | X14: =[1]STR!$X14 -> TRUE
A15: 46265 | B15: PERANTARA IA AGING - DEBET | C15: Z001331 | D15: 562201000128990 | E15: SEDANG | F15: Tidak | G15: Tidak | H15: Tidak | I15: Narkotika/Psikotropika- Remark | J15: 48 | K15: 9 | L15: Narkotika/Psikotropika | M15: UNIT KEPAHIANG II CURUP | N15: KC Curup | O15: KANWIL BANDAR LAMPUNG | P15: 0 | Q15: Tidak | R15: Belum TL | S15: Pending Checker | T15: 90170665 - Mutiara Ayuningtyas | U15: "-" | V15: Ferdi Setiawan | W15: 46243 | X15: =[1]STR!$X15 -> TRUE
A16: 46265 | B16: PERANTARA IA AGING - DEBET | C16: Z001331 | D16: 562701000102994 | E16: SEDANG | F16: Tidak | G16: Tidak | H16: Tidak | I16: Narkotika/Psikotropika- Remark | J16: 48 | K16: 9 | L16: Narkotika/Psikotropika | M16: UNIT TES CURUP | N16: KC Curup | O16: KANWIL BANDAR LAMPUNG | P16: 0 | Q16: Tidak | R16: Belum TL | S16: Pending Checker | T16: 90185538 - Muhammad Fahikal Auz | U16: "-" | V16: Ferdi Setiawan | W16: 46243 | X16: =[1]STR!$X16 -> TRUE
A17: 46265 | B17: PERANTARA IA AGING - DEBET | C17: Z001331 | D17: 568601000033995 | E17: SEDANG | F17: Tidak | G17: Tidak | H17: Tidak | I17: Narkotika/Psikotropika- Remark | J17: 48 | K17: 9 | L17: Narkotika/Psikotropika | M17: UNIT KAUR TENGAH MANNA | N17: KC Manna | O17: KANWIL BANDAR LAMPUNG | P17: 0 | Q17: Tidak | R17: Belum TL | S17: Pending Checker | T17: 00394520 - Frida Akbar Rani | U17: "-" | V17: Ferdi Setiawan | W17: 46243 | X17: =[1]STR!$X17 -> TRUE
A18: 46265 | B18: PERANTARA IA AGING - DEBET | C18: Z001331 | D18: 31801001443997 | E18: SEDANG | F18: Tidak | G18: Tidak | H18: Tidak | I18: Narkotika/Psikotropika- Remark | J18: 48 | K18: 9 | L18: Narkotika/Psikotropika | M18: KC Arga Makmur | N18: KC Arga Makmur | O18: KANWIL BANDAR LAMPUNG | P18: 0 | Q18: Tidak | R18: Belum TL | S18: Pending Checker | T18: 90171841 - Rifqi Aziz | U18: "-" | V18: Ferdi Setiawan | W18: 46243 | X18: =[1]STR!$X18 -> TRUE
A19: 46265 | B19: PERANTARA IA AGING - DEBET | C19: Z001331 | D19: 35701001093994 | E19: SEDANG | F19: Tidak | G19: Tidak | H19: Tidak | I19: Narkotika/Psikotropika- Remark | J19: 50 | K19: 9 | L19: Narkotika/Psikotropika | M19: KC Bandar Jaya | N19: KC Bandar Jaya | O19: KANWIL BANDAR LAMPUNG | P19: 0 | Q19: Tidak | R19: Belum TL | S19: Pending Checker | T19: 90185537 - Moh.Khoerul Fajar Ar | U19: "-" | V19: Ferdi Setiawan | W19: 46243 | X19: =[1]STR!$X19 -> TRUE
A20: 46265 | B20: PERANTARA IA AGING - DEBET | C20: Z001331 | D20: 10801001727994 | E20: SEDANG | F20: Tidak | G20: Tidak | H20: Tidak | I20: Narkotika/Psikotropika- Remark | J20: 53 | K20: 9 | L20: Narkotika/Psikotropika | M20: KC Curup | N20: KC Curup | O20: KANWIL BANDAR LAMPUNG | P20: 0 | Q20: Tidak | R20: Belum TL | S20: Pending Checker | T20: 90170665 - Mutiara Ayuningtyas | U20: "-" | V20: Ferdi Setiawan | W20: 46243 | X20: =[1]STR!$X20 -> TRUE
A21: 46265 | B21: ERIK ERLIYONO | C21: EFH4091 | D21: 356201048910539 | E21: SEDANG | F21: Ya | G21: Tidak | H21: Ya | I21: Narkotika - Area Lapas | J21: 50 | K21: 46 | L21: Narkotika | M21: UNIT SIDOMULYO KALIANDA | N21: KC Kalianda | O21: KANWIL BANDAR LAMPUNG | P21: 0 | Q21: Tidak | R21: Belum TL | S21: Pending Checker | T21: 00394521 - Muhammad Hibbanduta | U21: "-" | V21: Ferdi Setiawan | W21: 46212 | X21: =[1]STR!$X21 -> TRUE
A22: 46265 | B22: EKO TEGUH HARIYANTO | C22: EEF5772 | D22: 2201002080569 | E22: SEDANG | F22: Tidak | G22: Tidak | H22: Tidak | I22: Perikanan dan Kelautan | J22: 59 | K22: 101 | L22: Perikanan dan Kelautan | M22: UNIT BANDAR BINTUAN MANNA | N22: KC Manna | O22: KANWIL BANDAR LAMPUNG | P22: Tidak | Q22: Ya | R22: Done | S22: Approved | T22: 00394521 - Muhammad Hibbanduta | U22: "-" | X22: =[1]STR!$X22 -> TRUE | Y22: Dikerjakan Kanpus, oleh Frida Akbar Rani
A23: 46265 | B23: INDOMARCO ADI PRIMA, PT. | C23: I157190 | D23: 9801000412309 | E23: SEDANG | F23: Tidak | G23: Tidak | H23: Tidak | I23: Narkotika - Area Lapas | J23: 50 | K23: 46 | L23: Narkotika | M23: KC Tanjung Karang | N23: KC Tanjung Karang | O23: KANWIL BANDAR LAMPUNG | P23: Tidak | Q23: Tidak | R23: Done | S23: Approved | T23: 00394520 - Frida Akbar Rani | U23: "-" | X23: =[1]STR!$X23 -> TRUE | Y23: Dikerjakan Kanpus, oleh Frida Akbar Rani
A24: 46265 | B24: HERDIYANTO | C24: HAY4352 | D24: 207701011562507 | E24: SEDANG | F24: Tidak | G24: Tidak | H24: Tidak | I24: Narkotika - Area Lapas | J24: 50 | K24: 48 | L24: Narkotika | M24: KCP KEMILING LAMPUNG | N24: KC Tanjung Karang | O24: KANWIL BANDAR LAMPUNG | P24: Tidak | Q24: Tidak | R24: Done | S24: Approved | T24: 00394521 - Muhammad Hibbanduta | U24: "-" | X24: =[1]STR!$X24 -> TRUE | Y24: Dikerjakan Kanpus, oleh Frida Akbar Rani
A25: 46265 | B25: ARYANTO | C25: AVV5438 | D25: 66001000478564 | E25: SEDANG | F25: Tidak | G25: Tidak | H25: Tidak | I25: Narkotika - Area Lapas | J25: 60 | K25: 47 | L25: Narkotika | M25: KCP PASAR NATAR TJ KARANG | N25: KC Tanjung Karang | O25: KANWIL BANDAR LAMPUNG | P25: Tidak | Q25: Tidak | R25: Done | S25: Approved | T25: 90186790 - Muhammad Alfin Farha | U25: "-" | X25: =[1]STR!$X25 -> TRUE | Y25: Dikerjakan Kanpus, oleh Frida Akbar Rani
A26: 46265 | B26: CV AKSA KARYA UTAMA | C26: CP63393 | D26: 11501004923304 | E26: SEDANG | F26: Tidak | G26: Tidak | H26: Tidak | I26: Perpajakan | J26: 48 | K26: 41 | L26: Perpajakan | M26: KC Bengkulu | N26: KC Bengkulu | O26: KANWIL BANDAR LAMPUNG | P26: Tidak | Q26: Tidak | R26: Done | S26: Approved | T26: 00394521 - Muhammad Hibbanduta | U26: "-" | V26: Ferdi Setiawan | W26: 28/8/2026 | X26: =[1]STR!$X26 -> TRUE
A27: 46265 | B27: PERANTARA IA AGING - DEBET | C27: Z001331 | D27: 110101000043998 | E27: SEDANG | F27: Tidak | G27: Tidak | H27: Tidak | I27: Narkotika/Psikotropika- Remark | J27: 48 | K27: 9 | L27: Narkotika/Psikotropika | M27: KC Muko Muko | N27: KC Muko Muko | O27: KANWIL BANDAR LAMPUNG | P27: Tidak | Q27: Tidak | R27: Done | S27: Approved | T27: 00394521 - Muhammad Hibbanduta | U27: "-" | V27: Ferdi Setiawan | W27: 19/8/2026 | X27: =[1]STR!$X27 -> TRUE
A28: 46265 | B28: PERANTARA IA AGING - DEBET | C28: Z001331 | D28: 15001000921996 | E28: SEDANG | F28: Tidak | G28: Tidak | H28: Tidak | I28: Narkotika/Psikotropika- Remark | J28: 50 | K28: 9 | L28: Narkotika/Psikotropika | M28: KC Manna | N28: KC Manna | O28: KANWIL BANDAR LAMPUNG | P28: Tidak | Q28: Tidak | R28: Done | S28: Approved | T28: 00394520 - Frida Akbar Rani | U28: "-" | V28: Ferdi Setiawan | W28: 19/8/2026 | X28: =[1]STR!$X28 -> TRUE
A29: 46265 | B29: PERANTARA IA AGING - DEBET | C29: Z001331 | D29: 28501000914996 | E29: SEDANG | F29: Tidak | G29: Tidak | H29: Tidak | I29: Narkotika/Psikotropika- Remark | J29: 50 | K29: 9 | L29: Narkotika/Psikotropika | M29: KC Teluk Betung | N29: KC Teluk Betung | O29: KANWIL BANDAR LAMPUNG | P29: Tidak | Q29: Tidak | R29: Done | S29: Approved | T29: 90150130 - Intan Aida Pratiwi | U29: "-" | V29: Ferdi Setiawan | W29: 19/8/2026 | X29: =[1]STR!$X29 -> TRUE
A30: 46265 | B30: PERANTARA IA AGING - DEBET | C30: Z001331 | D30: 557901000051994 | E30: SEDANG | F30: Tidak | G30: Tidak | H30: Tidak | I30: Narkotika/Psikotropika- Remark | J30: 48 | K30: 9 | L30: Narkotika/Psikotropika | M30: UNIT IPUH MUKO MUKO | N30: KC Muko Muko | O30: KANWIL BANDAR LAMPUNG | P30: Tidak | Q30: Tidak | R30: Done | S30: Approved | T30: 90185537 - Moh.Khoerul Fajar Ar | U30: "-" | V30: Ferdi Setiawan | W30: 19/8/2026 | X30: =[1]STR!$X30 -> TRUE
A31: 46265 | B31: PERANTARA IA AGING - DEBET | C31: Z001331 | D31: 569601000029999 | E31: SEDANG | F31: Tidak | G31: Tidak | H31: Tidak | I31: Narkotika/Psikotropika- Remark | J31: 48 | K31: 9 | L31: Narkotika/Psikotropika | M31: UNIT TEDUNAN MANNA | N31: KC Manna | O31: KANWIL BANDAR LAMPUNG | P31: Tidak | Q31: Tidak | R31: Done | S31: Approved | T31: 00394521 - Muhammad Hibbanduta | U31: "-" | V31: Ferdi Setiawan | W31: 19/8/2026 | X31: =[1]STR!$X31 -> TRUE
A32: 46265 | B32: ZEE BEAUTY SKINCARE | C32: ZK78058 | D32: 60501002408567 | E32: SEDANG | F32: Tidak | G32: Tidak | H32: Tidak | I32: Perpajakan | J32: 48 | K32: 41 | L32: Perpajakan | M32: KC Tulang Bawang | N32: KC Tulang Bawang | O32: KANWIL BANDAR LAMPUNG | P32: Tidak | Q32: Ya | R32: Done | S32: Approved | T32: 00336949 - Mochammad Al Farabi | U32: "-" | V32: Ferdi Setiawan | W32: 27/8/2026 | X32: =[1]STR!$X32 -> TRUE
A33: 46265 | B33: PERANTARA IA AGING - DEBET | C33: Z001331 | D33: 805101000001992 | E33: SEDANG | F33: Tidak | G33: Tidak | H33: Tidak | I33: Narkotika/Psikotropika- Remark | J33: 48 | K33: 9 | L33: Narkotika/Psikotropika | M33: UNIT PONDOK SUGUH MUKO MUKO | N33: KC Muko Muko | O33: KANWIL BANDAR LAMPUNG | P33: Tidak | Q33: Tidak | R33: Done | S33: Approved | T33: 90185538 - Muhammad Fahikal Auz | U33: "-" | V33: Ferdi Setiawan | W33: 19/8/2026 | X33: =[1]STR!$X33 -> TRUE
A34: 46265 | B34: TRI KALIS SAWANTI | C34: TN51238 | D34: 726301010723534 | E34: SEDANG | F34: Tidak | G34: Tidak | H34: Tidak | I34: Narkotika - Area Lapas | J34: 50 | K34: 46 | L34: Narkotika | M34: UNIT SUKADAMAI METRO | N34: KC Metro | O34: KANWIL BANDAR LAMPUNG | P34: Tidak | Q34: Tidak | R34: Done | S34: Approved | T34: 90170665 - Mutiara Ayuningtyas | U34: "-" | V34: Ferdi Setiawan | W34: 46364 | X34: =[1]STR!$X34 -> TRUE
A35: 46265 | B35: SYAEKHONI | C35: SX23108 | D35: 13001001676564 | E35: SEDANG | F35: Tidak | G35: Tidak | H35: Tidak | I35: Pencurian Rekening | J35: 47 | K35: 59 | L35: Perbankan | M35: KC Metro | N35: KC Metro | O35: KANWIL BANDAR LAMPUNG | P35: Tidak | Q35: Ya | R35: Done | S35: Approved | T35: 00336949 - Mochammad Al Farabi | U35: "-" | X35: =[1]STR!$X35 -> TRUE | Y35: Dikerjakan Kanpus, oleh Frida Akbar Rani
A36: 46265 | B36: PT SUNGAI BUDI | C36: PLL6209 | D36: 28501002787303 | E36: SEDANG | F36: Tidak | G36: Tidak | H36: Tidak | I36: Perpajakan | J36: 48 | K36: 1.33 | L36: Perpajakan | M36: KC Teluk Betung | N36: KC Teluk Betung | O36: KANWIL BANDAR LAMPUNG | P36: Ya | Q36: Tidak | R36: Done | S36: Approved | T36: 00336949 - Mochammad Al Farabi | U36: "-" | V36: Ferdi Setiawan | W36: 30/8/2026 | X36: =[1]STR!$X36 -> TRUE

Sheet EDD PEP PPATK
D1: 46280
A2: No. | B2: Unit Kerja | C2: PIC RAC | D2: %TL PEP Done | E2: Average RAC
A3: 1 | B3: KC Arga Makmur | C3: Ferdi Setiawan | D3: =_xlfn.XLOOKUP(B3, [2]PEP!$B:$B,[2]PEP!$G:$G) -> 1 | E3: =AVERAGE(D3:D16) -> 0.99309193
A4: 2 | B4: KC Bandar jaya | C4: Ferdi Setiawan | D4: =_xlfn.XLOOKUP(B4, [2]PEP!$B:$B,[2]PEP!$G:$G) -> 1
A5: 3 | B5: KC Bengkulu | C5: Ferdi Setiawan | D5: =_xlfn.XLOOKUP(B5, [2]PEP!$B:$B,[2]PEP!$G:$G) -> 0.99166667
A6: 4 | B6: KC Curup | C6: Ferdi Setiawan | D6: =_xlfn.XLOOKUP(B6, [2]PEP!$B:$B,[2]PEP!$G:$G) -> 1
A7: 5 | B7: KC Kalianda | C7: Ferdi Setiawan | D7: =_xlfn.XLOOKUP(B7, [2]PEP!$B:$B,[2]PEP!$G:$G) -> 1
A8: 6 | B8: KC Kota Bumi | C8: Ferdi Setiawan | D8: =_xlfn.XLOOKUP(B8, [2]PEP!$B:$B,[2]PEP!$G:$G) -> 1
A9: 7 | B9: KC Liwa | C9: Ferdi Setiawan | D9: =_xlfn.XLOOKUP(B9, [2]PEP!$B:$B,[2]PEP!$G:$G) -> 1
A10: 8 | B10: KC Manna | C10: Ferdi Setiawan | D10: =_xlfn.XLOOKUP(B10, [2]PEP!$B:$B,[2]PEP!$G:$G) -> 1
A11: 9 | B11: KC Metro | C11: Ferdi Setiawan | D11: =_xlfn.XLOOKUP(B11, [2]PEP!$B:$B,[2]PEP!$G:$G) -> 0.98
A12: 10 | B12: KC Muko Muko | C12: Ferdi Setiawan | D12: =_xlfn.XLOOKUP(B12, [2]PEP!$B:$B,[2]PEP!$G:$G) -> 1
A13: 11 | B13: KC Pringsewu | C13: Ferdi Setiawan | D13: =_xlfn.XLOOKUP(B13, [2]PEP!$B:$B,[2]PEP!$G:$G) -> 1
A14: 12 | B14: KC Tanjung Karang | C14: Ferdi Setiawan | D14: =_xlfn.XLOOKUP(B14, [2]PEP!$B:$B,[2]PEP!$G:$G) -> 0.98425197
A15: 13 | B15: KC Teluk Betung | C15: Ferdi Setiawan | D15: =_xlfn.XLOOKUP(B15, [2]PEP!$B:$B,[2]PEP!$G:$G) -> 1
A16: 14 | B16: KC Tulang Bawang | C16: Ferdi Setiawan | D16: =_xlfn.XLOOKUP(B16, [2]PEP!$B:$B,[2]PEP!$G:$G) -> 0.94736842

Sheet Bad Data
D1: 46280
A2: No. | B2: Unit Kerja | C2: PIC RAC | D2: %Bad Data | E2: Average RAC
A3: 1 | B3: KC Arga Makmur | C3: Ferdi Setiawan | D3: =_xlfn.XLOOKUP(B3, '[2]Bad Data'!$B:$B, '[2]Bad Data'!$D:$D) -> 0.00191 | E3: =AVERAGE(D3:D16) -> 0.002195
A4: 2 | B4: KC Bandar jaya | C4: Ferdi Setiawan | D4: =_xlfn.XLOOKUP(B4, '[2]Bad Data'!$B:$B, '[2]Bad Data'!$D:$D) -> 0.00316
A5: 3 | B5: KC Bengkulu | C5: Ferdi Setiawan | D5: =_xlfn.XLOOKUP(B5, '[2]Bad Data'!$B:$B, '[2]Bad Data'!$D:$D) -> 0.00069
A6: 4 | B6: KC Curup | C6: Ferdi Setiawan | D6: =_xlfn.XLOOKUP(B6, '[2]Bad Data'!$B:$B, '[2]Bad Data'!$D:$D) -> 0.00309
A7: 5 | B7: KC Kalianda | C7: Ferdi Setiawan | D7: =_xlfn.XLOOKUP(B7, '[2]Bad Data'!$B:$B, '[2]Bad Data'!$D:$D) -> 0.00329
A8: 6 | B8: KC Kota Bumi | C8: Ferdi Setiawan | D8: =_xlfn.XLOOKUP(B8, '[2]Bad Data'!$B:$B, '[2]Bad Data'!$D:$D) -> 0.00245
A9: 7 | B9: KC Liwa | C9: Ferdi Setiawan | D9: =_xlfn.XLOOKUP(B9, '[2]Bad Data'!$B:$B, '[2]Bad Data'!$D:$D) -> 0.00099
A10: 8 | B10: KC Manna | C10: Ferdi Setiawan | D10: =_xlfn.XLOOKUP(B10, '[2]Bad Data'!$B:$B, '[2]Bad Data'!$D:$D) -> 0.00393
A11: 9 | B11: KC Metro | C11: Ferdi Setiawan | D11: =_xlfn.XLOOKUP(B11, '[2]Bad Data'!$B:$B, '[2]Bad Data'!$D:$D) -> 0.00122
A12: 10 | B12: KC Muko Muko | C12: Ferdi Setiawan | D12: =_xlfn.XLOOKUP(B12, '[2]Bad Data'!$B:$B, '[2]Bad Data'!$D:$D) -> 0.00059
A13: 11 | B13: KC Pringsewu | C13: Ferdi Setiawan | D13: =_xlfn.XLOOKUP(B13, '[2]Bad Data'!$B:$B, '[2]Bad Data'!$D:$D) -> 0.00281
A14: 12 | B14: KC Tanjung Karang | C14: Ferdi Setiawan | D14: =_xlfn.XLOOKUP(B14, '[2]Bad Data'!$B:$B, '[2]Bad Data'!$D:$D) -> 0.00261
A15: 13 | B15: KC Teluk Betung | C15: Ferdi Setiawan | D15: =_xlfn.XLOOKUP(B15, '[2]Bad Data'!$B:$B, '[2]Bad Data'!$D:$D) -> 0.00323
A16: 14 | B16: KC Tulang Bawang | C16: Ferdi Setiawan | D16: =_xlfn.XLOOKUP(B16, '[2]Bad Data'!$B:$B, '[2]Bad Data'!$D:$D) -> 0.00076

Sheet Pengkinian Data
D1: 46280
A2: No. | B2: Unit Kerja | C2: PIC RAC | D2: %Pengkinian Data | E2: Average RAC
A3: 1 | B3: KC Arga Makmur | C3: Ferdi Setiawan | D3: =_xlfn.XLOOKUP(B3,'[2]Pengkinian Data'!$B:$B,'[2]Pengkinian Data'!$E:$E) -> 0.9715 | E3: =AVERAGE(D3:D16) -> 0.98232857
A4: 2 | B4: KC Bandar jaya | C4: Ferdi Setiawan | D4: =_xlfn.XLOOKUP(B4,'[2]Pengkinian Data'!$B:$B,'[2]Pengkinian Data'!$E:$E) -> 0.9516
A5: 3 | B5: KC Bengkulu | C5: Ferdi Setiawan | D5: =_xlfn.XLOOKUP(B5,'[2]Pengkinian Data'!$B:$B,'[2]Pengkinian Data'!$E:$E) -> 0.9998
A6: 4 | B6: KC Curup | C6: Ferdi Setiawan | D6: =_xlfn.XLOOKUP(B6,'[2]Pengkinian Data'!$B:$B,'[2]Pengkinian Data'!$E:$E) -> 0.9723
A7: 5 | B7: KC Kalianda | C7: Ferdi Setiawan | D7: =_xlfn.XLOOKUP(B7,'[2]Pengkinian Data'!$B:$B,'[2]Pengkinian Data'!$E:$E) -> 0.9943
A8: 6 | B8: KC Kota Bumi | C8: Ferdi Setiawan | D8: =_xlfn.XLOOKUP(B8,'[2]Pengkinian Data'!$B:$B,'[2]Pengkinian Data'!$E:$E) -> 0.964
A9: 7 | B9: KC Liwa | C9: Ferdi Setiawan | D9: =_xlfn.XLOOKUP(B9,'[2]Pengkinian Data'!$B:$B,'[2]Pengkinian Data'!$E:$E) -> 1
A10: 8 | B10: KC Manna | C10: Ferdi Setiawan | D10: =_xlfn.XLOOKUP(B10,'[2]Pengkinian Data'!$B:$B,'[2]Pengkinian Data'!$E:$E) -> 0.9958
A11: 9 | B11: KC Metro | C11: Ferdi Setiawan | D11: =_xlfn.XLOOKUP(B11,'[2]Pengkinian Data'!$B:$B,'[2]Pengkinian Data'!$E:$E) -> 0.9912
A12: 10 | B12: KC Muko Muko | C12: Ferdi Setiawan | D12: =_xlfn.XLOOKUP(B12,'[2]Pengkinian Data'!$B:$B,'[2]Pengkinian Data'!$E:$E) -> 0.9996
A13: 11 | B13: KC Pringsewu | C13: Ferdi Setiawan | D13: =_xlfn.XLOOKUP(B13,'[2]Pengkinian Data'!$B:$B,'[2]Pengkinian Data'!$E:$E) -> 0.9639
A14: 12 | B14: KC Tanjung Karang | C14: Ferdi Setiawan | D14: =_xlfn.XLOOKUP(B14,'[2]Pengkinian Data'!$B:$B,'[2]Pengkinian Data'!$E:$E) -> 0.9686
A15: 13 | B15: KC Teluk Betung | C15: Ferdi Setiawan | D15: =_xlfn.XLOOKUP(B15,'[2]Pengkinian Data'!$B:$B,'[2]Pengkinian Data'!$E:$E) -> 0.9809
A16: 14 | B16: KC Tulang Bawang | C16: Ferdi Setiawan | D16: =_xlfn.XLOOKUP(B16,'[2]Pengkinian Data'!$B:$B,'[2]Pengkinian Data'!$E:$E) -> 0.9991

Sheet Sosialisasi
A1: No. | B1: Unit Kerja | C1: PIC RAC | D1: Materi* | E1: Tanggal Rencana Pelaksanaan | F1: Tanggal Pelaksanaan* | G1: Jumlah Peserta* | H1: Jabatan Peserta* | I1: Dokumen Evidence**
A2: 1 | B2: KC Balige
A3: 2 | B3: KC Binjai
A4: 3 | B4: KC Gunung Sitoli
A5: 4 | B5: KC Kabanjahe
A6: 5 | B6: KC Kisaran
A7: 6 | B7: KC Kota Pinang
A8: 7 | B8: KC Lubuk Pakam
A9: 8 | B9: KC Medan Gatot Subroto
A10: 9 | B10: KC Medan Iskandar Muda
A11: 10 | B11: KC Medan Putri Hijau
A12: 11 | B12: KC Medan Sisingamangaraja
A13: 12 | B13: KC Medan Thamrin
... A25: 24 | B25: KC Tebing Tinggi
B27: Keterangan:
B28: *Diisi jika telah dilaksanakan
B29: **https://bbri.id/MonevaRAC
B31: Evidence terdiri dari:
B32: 1. Dokumentasi Foto
B33: 2. Berita Acara
B34: 3. Absensi
B35: 4. Materi Sosisalisasi
B36: 5. List Pertanyaan

Sheet Uji Petik
A1: No. | B1: Unit Kerja | C1: PIC RAC | D1: Rencana Pelaksanaan | E1: Tanggal Pelaksanaan* | F1: Dokumen Evidence**
A3: 1 | B3: BO Pringsewu | C3: Ferdi Setiawan | G3: Note: Baru ambil sampel dan qna, tp belum membuat laporan
B29: Keterangan:
B30: *Diisi jika telah dilaksanakan
B31: **https://bri2-my.sharepoint.com/:f:/g/personal/00136153_hq_bri_co_id/IgAru_JVUAH_SY44J0xwJJirAYNZRODW4xGG6_aVuZV02Q8?e=eoxPe3
B34: Evidence terdiri dari:
B35: 1. Dokumentasi Foto
B36: 2. Berita Acara
B37: 3. Absensi
B38: 4.Kertas Kerja
B39: 5. Laporan Uji Petik

Sheet Nilai Maturitas
A1: No. | B1: Unit Kerja | C1: PIC RAC | D1: Nilai maturitas | E1: Nilai maturitas | F1: Rating maturitas
A2: 1 | B2: KC Arga Makmur | C2: Ferdi Setiawan | D2: 8.512 | E2: =AVERAGE(D2:D15) -> 7.6315714 | F2: B
A3: 2 | B3: KC Bandarjaya | C3: Ferdi Setiawan | D3: 7.192
A4: 3 | B4: KC Bengkulu | C4: Ferdi Setiawan | D4: 7.493
A5: 4 | B5: KC Curup | C5: Ferdi Setiawan | D5: 7.292
A6: 5 | B6: KC Kalianda | C6: Ferdi Setiawan | D6: 7.42
A7: 6 | B7: KC Kota Bumi | C7: Ferdi Setiawan | D7: 9.383
A8: 7 | B8: KC Liwa | C8: Ferdi Setiawan | D8: 5.455
A9: 8 | B9: KC Manna | C9: Ferdi Setiawan | D9: 8.448
A10: 9 | B10: KC Metro | C10: Ferdi Setiawan | D10: 8.237
A11: 10 | B11: KC Muko-Muko | C11: Ferdi Setiawan | D11: 8.075
A12: 11 | B12: KC Pringsewu | C12: Ferdi Setiawan | D12: 7.588
A13: 12 | B13: KC Tanjung Karang | C13: Ferdi Setiawan | D13: 6.905
A14: 13 | B14: KC Teluk Betung | C14: Ferdi Setiawan | D14: 8.101
A15: 14 | B15: KC Tulang Bawang | C15: Ferdi Setiawan | D15: 6.741

Sheet Penilaian Resiko
A1: No. | B1: Unit Kerja | C1: PIC RAC | D1: Nilai Risiko | E1: Nilai Risiko PIC | F1: Rating Risiko PIC
A2: 1 | B2: KC Arga Makmur | C2: Ferdi Setiawan | D2: 5.979 | E2: =AVERAGE(D2:D15) -> 5.5730714 | F2: Medium
A3: 2 | B3: KC Bandarjaya | C3: Ferdi Setiawan | D3: 6.124
A4: 3 | B4: KC Bengkulu | C4: Ferdi Setiawan | D4: 4.743
A5: 4 | B5: KC Curup | C5: Ferdi Setiawan | D5: 5.701
A6: 5 | B6: KC Kalianda | C6: Ferdi Setiawan | D6: 4.743
A7: 6 | B7: KC Kota Bumi | C7: Ferdi Setiawan | D7: 5.701
A8: 7 | B8: KC Liwa | C8: Ferdi Setiawan | D8: 6.205
A9: 8 | B9: KC Manna | C9: Ferdi Setiawan | D9: 5.244
A10: 9 | B10: KC Metro | C10: Ferdi Setiawan | D10: 5.701
A11: 10 | B11: KC Muko-Muko | C11: Ferdi Setiawan | D11: 6.205
A12: 11 | B12: KC Pringsewu | C12: Ferdi Setiawan | D12: 5.612
A13: 12 | B13: KC Tanjung Karang | C13: Ferdi Setiawan | D13: 4.743
A14: 13 | B14: KC Teluk Betung | C14: Ferdi Setiawan | D14: 4.899
A15: 14 | B15: KC Tulang Bawang | C15: Ferdi Setiawan | D15: 6.423

Sheet Maturitas Dashboard
A1: No. | B1: Unit Kerja | C1: PIC RAC | D1: Nilai Maturitas | E1: Nilai Maturitas PIC | F1: Rating Maturitas PIC
A2: 1 | B2: KC Arga Makmur | C2: Ferdi Setiawan | D2: 8.875 | E2: =AVERAGE(D2:D15) -> 8.875 | F2: Sangat Baik
A3: 2 | B3: KC Bandarjaya | C3: Ferdi Setiawan | D3: 8.875
A4: 3 | B4: KC Bengkulu | C4: Ferdi Setiawan | D4: 8.875
A5: 4 | B5: KC Curup | C5: Ferdi Setiawan | D5: 8.875
A6: 5 | B6: KC Kalianda | C6: Ferdi Setiawan | D6: 8.875
A7: 6 | B7: KC Kota Bumi | C7: Ferdi Setiawan | D7: 8.875
A8: 7 | B8: KC Liwa | C8: Ferdi Setiawan | D8: 8.875
A9: 8 | B9: KC Manna | C9: Ferdi Setiawan | D9: 8.875
A10: 9 | B10: KC Metro | C10: Ferdi Setiawan | D10: 8.875
A11: 10 | B11: KC Muko-Muko | C11: Ferdi Setiawan | D11: 8.875
A12: 11 | B12: KC Pringsewu | C12: Ferdi Setiawan | D12: 8.875
A13: 12 | B13: KC Tanjung Karang | C13: Ferdi Setiawan | D13: 8.875
A14: 13 | B14: KC Teluk Betung | C14: Ferdi Setiawan | D14: 8.875
A15: 14 | B15: KC Tulang Bawang | C15: Ferdi Setiawan | D15: 8.875

Sheet Overview
A2: No | B2: Aspek Penilaian | C2: Ferdi Setiawan
C3: Nilai | D3: Bobotan | E3: Score
A4: 1 | B4: STR | C4: =IFERROR(COUNTIFS(STR!$V:$V, Overview!C$2, STR!$X:$X, "TRUE")/COUNTIFS(STR!$V:$V, Overview!C2), 0) -> 0.96666667 | D4: 0.15 | E4: =D4*C4 -> 0.145
A5: 2 | B5: Bad Data | C5: =1-AVERAGEIF('Bad Data'!$C:$C, Overview!C$2, 'Bad Data'!$D:$D) -> 0.997805 | D5: 0.1 | E5: =D5*C5 -> 0.0997805
A6: 3 | B6: Pengkinian Data | C6: =AVERAGEIF('Pengkinian Data'!$C:$C, Overview!C$2, 'Pengkinian Data'!$D:$D) -> 0.98232857 | D6: 0.1 | E6: =D6*C6 -> 0.098232857 | L6: .
A7: 4 | B7: Uji Petik | C7: {=IFERROR(SUMPRODUCT(--('[1]Uji Petik'!$E$3:$E$73<>""), --('[1]Uji Petik'!$C$3:$C$73=C2)) / SUMPRODUCT(--('[1]Uji Petik'!$C$3:$C$73=C2)), 0)} -> 0 | D7: 0 | E7: =D7*C7 -> 0
A8: 5 | B8: Sosialisasi | C8: {=IFERROR(AVERAGE(IF([2]Sosialisasi!$C$1:$C$10000=C2, [2]Sosialisasi!$D$1:$D$10000)), 0)} -> 0.57142857 | D8: 0.15 | E8: =D8*C8 -> 0.085714286
A9: 6 | B9: EDD | C9: =AVERAGEIF('EDD PEP PPATK'!$C:$C, Overview!C$2, 'EDD PEP PPATK'!$D:$D) -> 0.99309193 | D9: 0.1 | E9: =D9*C9 -> 0.099309193
A10: 7 | B10: Self Learning Keikutsertaan | C10: {=IF(IFERROR(AVERAGE(IF('[2]Sheet2 (2)'!$C$1:$C$10000=C$2, '[2]Sheet2 (2)'!$D$1:$D$10000)), 0)>0.9, 1, IFERROR(AVERAGE(IF('[2]Sheet2 (2)'!$C$1:$C$10000=C$2, '[2]Sheet2 (2)'!$D$1:$D$10000)), 0))} -> 1 | D10: 0.05 | E10: =D10*C10 -> 0.05
A11: 8 | B11: Self Learning Score | C11: {=IF(IFERROR(AVERAGE(IF('[2]Sheet2 (3)'!$C$1:$C$10000=C2, '[2]Sheet2 (3)'!$D$1:$D$10000)), 0)>90, 1, IFERROR(AVERAGE(IF('[2]Sheet2 (3)'!$C$1:$C$10000=C2, '[2]Sheet2 (3)'!$D$1:$D$10000)), 0)/90)} -> 1 | D11: 0.05 | E11: =D11*C11 -> 0.05
A12: 9 | B12: Maturitas | C12: =IF(AVERAGEIF('Nilai Maturitas'!$C:$C, Overview!C2, 'Nilai Maturitas'!$D:$D) > 8, 110%, AVERAGEIF('Nilai Maturitas'!$C:$C, Overview!C2, 'Nilai Maturitas'!$D:$D)/8*100%) -> 0.95394643 | D12: 0.1 | E12: =D12*C12 -> 0.095394643
A13: 10 | B13: Maturitas Dashboard | C13: =IF(AVERAGEIF('Maturitas Dashboard'!$C:$C, Overview!C$2, 'Maturitas Dashboard'!$D:$D) > 8, 110%, AVERAGEIF('Maturitas Dashboard'!$C:$C, Overview!C$2, 'Maturitas Dashboard'!$D:$D)/8*100%) -> 1.1 | D13: 0.1 | E13: =D13*C13 -> 0.11
A14: 11 | B14: Penilaian Resiko | C14: =IF(AVERAGEIF('Penilaian Resiko'!$C:$C, Overview!C$2, 'Penilaian Resiko'!$D:$D) < 5.8, 110%, IF(AVERAGEIF('Penilaian Resiko'!$C:$C, Overview!C$2, 'Penilaian Resiko'!$D:$D) <7.4, 3/4*100%, 3/5*100%)) -> 1.1 | D14: 0.1 | E14: =D14*C14 -> 0.11
C15: Progress | E15: =SUM(E4:E14) -> 0.94343148

Sheet Overview tanpa KPI
A2: No | B2: Aspek Penilaian | C2: Ferdi Setiawan
C3: Nilai | D3: Bobotan | E3: Score
A4: 1 | B4: STR | C4: =IFERROR(COUNTIFS(STR!$V:$V, 'Overview tanpa KPI'!C$2, STR!$X:$X, "TRUE")/COUNTIFS(STR!$V:$V, 'Overview tanpa KPI'!C2), 0) -> 0.96666667 | D4: 0.15 | E4: =D4*C4 -> 0.145
A5: 2 | B5: Bad Data | C5: =1-AVERAGEIF('Bad Data'!$C:$C, 'Overview tanpa KPI'!C$2, 'Bad Data'!$D:$D) -> 0.997805 | D5: 0.1 | E5: =D5*C5 -> 0.0997805
A6: 3 | B6: Pengkinian Data | C6: =AVERAGEIF('Pengkinian Data'!$C:$C, 'Overview tanpa KPI'!C$2, 'Pengkinian Data'!$D:$D) -> 0.98232857 | D6: 0.1 | E6: =D6*C6 -> 0.098232857 | L6: .
A7: 4 | B7: Uji Petik | C7: {=IFERROR(SUMPRODUCT(--('[1]Uji Petik'!$E$3:$E$73<>""), --('[1]Uji Petik'!$C$3:$C$73=C2)) / SUMPRODUCT(--('[1]Uji Petik'!$C$3:$C$73=C2)), 0)} -> 0 | D7: 0 | E7: =D7*C7 -> 0
A8: 5 | B8: Sosialisasi | C8: {=IFERROR(AVERAGE(IF([2]Sosialisasi!$C$1:$C$10000=C2, [2]Sosialisasi!$D$1:$D$10000)), 0)} -> 0.57142857 | D8: 0.15 | E8: =D8*C8 -> 0.085714286
A9: 6 | B9: EDD | C9: =AVERAGEIF('EDD PEP PPATK'!$C:$C, 'Overview tanpa KPI'!C$2, 'EDD PEP PPATK'!$D:$D) -> 0.99309193 | D9: 0.1 | E9: =D9*C9 -> 0.099309193
A10: 7 | B10: Self Learning Keikutsertaan | C10: {=IFERROR(AVERAGE(IF('[2]Sheet2 (2)'!$C$1:$C$10000=C$2, '[2]Sheet2 (2)'!$D$1:$D$10000)), 0)} -> 0.99425329 | D10: 0.05 | E10: =D10*C10 -> 0.049712665
A11: 8 | B11: Self Learning Score | C11: {=IFERROR(AVERAGE(IF('[2]Sheet2 (3)'!$C$1:$C$10000=C2, '[2]Sheet2 (3)'!$D$1:$D$10000)), 0)} -> 97.392065 | D11: 0.05 | E11: =D11*C11 -> 4.8696032
A12: 9 | B12: Maturitas | C12: =AVERAGEIF('Nilai Maturitas'!$C:$C, 'Overview tanpa KPI'!C2, 'Nilai Maturitas'!$D:$D) -> 7.6315714 | D12: 0.1 | E12: =D12*C12 -> 0.76315714
A13: 10 | B13: Maturitas Dashboard | C13: =AVERAGEIF('Maturitas Dashboard'!$C:$C, 'Overview tanpa KPI'!C$2, 'Maturitas Dashboard'!$D:$D) -> 8.875 | D13: 0.1 | E13: =D13*C13 -> 0.8875
A14: 11 | B14: Penilaian Resiko | C14: =AVERAGEIF('Penilaian Resiko'!$C:$C, 'Overview tanpa KPI'!C$2, 'Penilaian Resiko'!$D:$D) -> 5.5730714 | D14: 0.1 | E14: =D14*C14 -> 0.55730714
C15: Progress | E15: =SUM(E4:E14) -> 7.655317
