Workbook

Sheet STR
A1: POSISI | B1: NAMA | C1: CIF | D1: No Rek/ Kartu Kredit | E1: RESIKO | F1: BRILINK | G1: STATUS PEKERJA | H1: DIGITAL SAVING | I1: SKENARIO | J1: SCORING | K1: INFO PARAM | L1: KATEGORI | M1: UNIT KERJA | N1: KANTOR CABANG | O1: KANTOR KANWIL | P1: REKOMENDASI UKER | Q1: REKOMENDASI UKK | R1: STATUS UKER | S1: STATUS | T1: DISPOSISI | U1: INFO LAINNYA | V1: Disposisi RAC | W1: Tanggal | X1: Status TL
A2: {=_xlfn._xlws.FILTER('[2]STR-2026-8-2026-8'!$A:$U, ISNUMBER(SEARCH("Denpasar", '[2]STR-2026-8-2026-8'!$O:$O)), "")} -> 46265 | B2: DARMA PRATAMA | C2: DSF1267 | D2: 12401001582302 | E2: SEDANG | F2: Tidak | G2: Tidak | H2: Tidak | I2: Narkotika - Area Lapas | J2: 49 | K2: 47 | L2: Narkotika | M2: KC Tabanan | N2: KC Tabanan | O2: Denpasar | P2: 0 | Q2: 0 | R2: Belum TL | S2: Belum TL | T2: 90185538 - Muhammad Fahikal Auz | U2: "-" | V2: I Made Budiartha | X2: =[3]STR!$X2 -> TRUE | Y2: =_xlfn.XLOOKUP(TRIM(B2), [4]STR!$2:$2, [4]STR!$44:$44, "")
A3: 46265 | B3: I WAYAN NURADA | C3: IC77659 | D3: 11401000793305 | E3: SEDANG | F3: Tidak | G3: Tidak | H3: Tidak | I3: Perpajakan | J3: 58 | K3: 1.33 | L3: Perpajakan | M3: KC Semarapura | N3: KC Semarapura | O3: Denpasar | P3: 0 | Q3: 0 | R3: Belum TL | S3: Belum TL | T3: 90186796 - Devito Arya Wiradila | U3: "-" | V3: I Made Budiartha | X3: =[3]STR!$X3 -> TRUE | Y3: =_xlfn.XLOOKUP(TRIM(B3), [4]STR!$2:$2, [4]STR!$44:$44, "")
A4: 46265 | B4: I WAYAN SUARSANA | C4: IKH1218 | D4: 462601009015533 | E4: SEDANG | F4: Tidak | G4: Tidak | H4: Tidak | I4: Narkotika - Area Lapas | J4: 48 | K4: 47 | L4: Narkotika | M4: UNIT KAYUAMBA BANGLI | N4: KC Bangli | O4: Denpasar | P4: 0 | Q4: 0 | R4: Belum TL | S4: Belum TL | T4: 00336949 - Mochammad Al Farabi | U4: "-" | V4: Dewa Nyoman Wedana | X4: =[3]STR!$X4 -> TRUE | Y4: =_xlfn.XLOOKUP(TRIM(B4), [4]STR!$2:$2, [4]STR!$44:$44, "")
A5: 46265 | B5: INDRIANI | C5: IWX4574 | D5: 470901080261533 | E5: RENDAH | F5: Tidak | G5: Tidak | H5: Tidak | I5: Narkotika - Area Lapas | J5: 35 | K5: 46 | L5: Narkotika | M5: UNIT SENGKOL PRAYA | N5: KC Praya | O5: Denpasar | P5: 0 | Q5: 0 | R5: Belum TL | S5: Belum TL | T5: 00394521 - Muhammad Hibbanduta | U5: "-" | V5: Dewa Nyoman Wedana | X5: =[3]STR!$X5 -> FALSE | Y5: =_xlfn.XLOOKUP(TRIM(B5), [4]STR!$2:$2, [4]STR!$44:$44, "") | Z5: .
A6: 46265 | B6: NURUL MUCHAIMIN | C6: NJUF980 | D6: 59101005949531 | E6: 0 | F6: Tidak | G6: Tidak | H6: 0 | I6: Jual Beli Rekening - E channel Trx | J6: 33 | K6: 113 | L6: Narkotika/Judi Online/Penipuan | M6: KCP Undiknas | N6: KC Denpasar Renon | O6: Denpasar | P6: 0 | Q6: 0 | R6: Belum TL | S6: Belum TL | T6: 0 | U6: "-" | V6: Ida Bagus Pidada Manuaba | X6: =[3]STR!$X6 -> FALSE | Y6: =_xlfn.XLOOKUP(TRIM(B6), [4]STR!$2:$2, [4]STR!$44:$44, "")
A7: 46265 | B7: NI KETUT MANIS | C7: NSB2993 | D7: 468801079393535 | E7: SEDANG | F7: Tidak | G7: Tidak | H7: Tidak | I7: Narkotika - Area Lapas | J7: 50 | K7: 46 | L7: Narkotika | M7: UNIT NARMADA MATARAM | N7: KC Mataram | O7: Denpasar | P7: 0 | Q7: 0 | R7: Belum TL | S7: Belum TL | T7: 90150130 - Intan Aida Pratiwi | U7: "-" | V7: Ida Bagus Pidada Manuaba | X7: =[3]STR!$X7 -> TRUE | Y7: =_xlfn.XLOOKUP(TRIM(B7), [4]STR!$2:$2, [4]STR!$44:$44, "")
A8: 46265 | B8: BALI PAWIWAHAN | C8: PM59472 | D8: 55601000980302 | E8: TINGGI | F8: Tidak | G8: Tidak | H8: Tidak | I8: Perpajakan | J8: 65 | K8: 1.33 | L8: Perpajakan | M8: KC Kuta | N8: KC Kuta | O8: Denpasar | P8: 0 | Q8: 0 | R8: Belum TL | S8: Belum TL | T8: 90150130 - Intan Aida Pratiwi | U8: "-" | V8: I Made Budiartha | X8: =[3]STR!$X8 -> TRUE | Y8: =_xlfn.XLOOKUP(TRIM(B8), [4]STR!$2:$2, [4]STR!$44:$44, "")
A9: 46265 | B9: YE USMAN AL QADRI | C9: YS42499 | D9: 473801017922537 | E9: SEDANG | F9: Ya | G9: Tidak | H9: Tidak | I9: Narkotika - Area Lapas | J9: 50 | K9: 46 | L9: Narkotika | M9: UNIT SIKUR SELONG | N9: KC Selong | O9: Denpasar | P9: 0 | Q9: 0 | R9: Belum TL | S9: Belum TL | T9: 90150130 - Intan Aida Pratiwi | U9: "-" | V9: I Made Budiartha | X9: =[3]STR!$X9 -> TRUE | Y9: =_xlfn.XLOOKUP(TRIM(B9), [4]STR!$2:$2, [4]STR!$44:$44, "")
A10: 46265 | B10: PT HAMENGKU KARYA | C10: PDY8497 | D10: 1701003069301 | E10: SEDANG | F10: Tidak | G10: Tidak | H10: Tidak | I10: Perpajakan | J10: 48 | K10: 41 | L10: Perpajakan | M10: KC Denpasar Gajah Mada | N10: KC Denpasar Gajah Mada | O10: Denpasar | P10: Tidak | Q10: 0 | R10: Pending Approver | S10: Belum TL | T10: 90185537 - Moh.Khoerul Fajar Ar | U10: "-" | V10: Dewa Nyoman Wedana | X10: =[3]STR!$X10 -> FALSE | Y10: =_xlfn.XLOOKUP(TRIM(B10), [4]STR!$2:$2, [4]STR!$44:$44, "")
A11: 46265 | B11: DANA MAS MULIA | C11: DEQV783 | D11: 1701004963304 | E11: SEDANG | F11: Tidak | G11: Tidak | H11: Tidak | I11: Perpajakan | J11: 48 | K11: 41 | L11: Perpajakan | M11: KC Denpasar Gajah Mada | N11: KC Denpasar Gajah Mada | O11: Denpasar | P11: Tidak | Q11: 0 | R11: Pending Approver | S11: Belum TL | T11: 90150130 - Intan Aida Pratiwi | U11: "-" | V11: Dewa Nyoman Wedana | X11: =[3]STR!$X11 -> FALSE | Y11: =_xlfn.XLOOKUP(TRIM(B11), [4]STR!$2:$2, [4]STR!$44:$44, "")
A12: 46265 | B12: I MADE TULUS | C12: IJP9716 | D12: 476101011852531 | E12: SEDANG | F12: Tidak | G12: Tidak | H12: Tidak | I12: Pencurian Rekening | J12: 46 | K12: 59 | L12: Perbankan | M12: UNIT BUSUNGBIU SINGARAJA | N12: KC Singaraja | O12: Denpasar | P12: Tidak | Q12: 0 | R12: Done | S12: Belum TL | T12: 90186796 - Devito Arya Wiradila | U12: "-" | V12: Ida Bagus Pidada Manuaba | X12: =[3]STR!$X12 -> TRUE | Y12: =_xlfn.XLOOKUP(TRIM(B12), [4]STR!$2:$2, [4]STR!$44:$44, "")
A13: 46265 | B13: HP OPBM DIVRE NTB (HPM-OPBM DIVRE NTB) | C13: HLG9297 | D13: 5201002301304 | E13: SEDANG | F13: Tidak | G13: Tidak | H13: Tidak | I13: Narkotika - Area Lapas | J13: 50 | K13: 46 | L13: Narkotika | M13: KC Mataram | N13: KC Mataram | O13: Denpasar | P13: Tidak | Q13: 0 | R13: Done | S13: Belum TL | T13: 00394521 - Muhammad Hibbanduta | U13: "-" | V13: Ida Bagus Pidada Manuaba | X13: =[3]STR!$X13 -> TRUE | Y13: =_xlfn.XLOOKUP(TRIM(B13), [4]STR!$2:$2, [4]STR!$44:$44, "")
A14: 46265 | B14: EDUARDUS GARUNG | C14: EW48295 | D14: 722701000157501 | E14: SEDANG | F14: Ya | G14: Tidak | H14: Tidak | I14: Pencurian Rekening | J14: 49 | K14: 59 | L14: Perbankan | M14: UNIT CENDANA SOLOR LARANTUKA | N14: KC Larantuka | O14: Denpasar | P14: Tidak | Q14: Tidak | R14: Done | S14: Approved | T14: 90185538 - Muhammad Fahikal Auz | U14: "-" | V14: I Made Budiartha | X14: =[3]STR!$X14 -> TRUE | Y14: =_xlfn.XLOOKUP(TRIM(B14), [4]STR!$2:$2, [4]STR!$44:$44, "")
A15: 46265 | B15: LPD DESA TIGA | C15: L795217 | D15: 462601001113531 | E15: SEDANG | F15: Ya | G15: Tidak | H15: Tidak | I15: Narkotika - Area Lapas | J15: 49 | K15: 47 | L15: Narkotika | M15: UNIT KAYUAMBA BANGLI | N15: KC Bangli | O15: Denpasar | P15: Tidak | Q15: Tidak | R15: Done | S15: Approved | T15: 00336949 - Mochammad Al Farabi | U15: "-" | V15: Dewa Nyoman Wedana | X15: =[3]STR!$X15 -> FALSE | Y15: =_xlfn.XLOOKUP(TRIM(B15), [4]STR!$2:$2, [4]STR!$44:$44, "")
A16: 46265 | B16: JOHN WALINGSON PURBA | C16: JF38080 | D16: 5.32659e+15 | E16: TINGGI | F16: Tidak | G16: Tidak | H16: Tidak | I16: Private or Priority Customer Investment | J16: 83 | K16: 93 | L16: Pasar Modal | M16: KC Mataram | N16: KC Mataram | O16: Denpasar | P16: Tidak | Q16: Tidak | R16: Done | S16: Approved | T16: 00394521 - Muhammad Hibbanduta | U16: "-" | V16: Ida Bagus Pidada Manuaba | X16: =[3]STR!$X16 -> TRUE | Y16: =_xlfn.XLOOKUP(TRIM(B16), [4]STR!$2:$2, [4]STR!$44:$44, "")
A17: 46265 | B17: INDRA FAJARWATI | C17: IDR4170 | D17: 5.326599e+15 | E17: SEDANG | F17: Tidak | G17: Tidak | H17: Tidak | I17: Private or Priority Customer Investment | J17: 58 | K17: 93 | L17: Pasar Modal | M17: KC Denpasar Renon | N17: KC Denpasar Renon | O17: Denpasar | P17: Tidak | Q17: Tidak | R17: Done | S17: Approved | T17: 00394521 - Muhammad Hibbanduta | U17: "-" | V17: Ida Bagus Pidada Manuaba | X17: =[3]STR!$X17 -> TRUE | Y17: =_xlfn.XLOOKUP(TRIM(B17), [4]STR!$2:$2, [4]STR!$44:$44, "")
A18: 46265 | B18: BUKIT MATAHARI ABADI | C18: BJO7490 | D18: 1701005864561 | E18: 0 | F18: Tidak | G18: Tidak | H18: Tidak | I18: Perpajakan | J18: 33 | K18: 41 | L18: Perpajakan | M18: KC Denpasar Gajah Mada | N18: KC Denpasar Gajah Mada | O18: Denpasar | P18: Tidak | Q18: Ya | R18: Done | S18: Approved | T18: 00336949 - Mochammad Al Farabi | U18: "-" | V18: Dewa Nyoman Wedana | X18: =[3]STR!$X18 -> FALSE | Y18: =_xlfn.XLOOKUP(TRIM(B18), [4]STR!$2:$2, [4]STR!$44:$44, "") -> 2.4553571
A19: 46265 | B19: CHARLIE RYNALDO NALLE | C19: CW13217 | D19: 359801041457533 | E19: 0 | F19: Ya | G19: Tidak | H19: Tidak | I19: Narkotika - Area Lapas | J19: 35 | K19: 48 | L19: Narkotika | M19: UNIT SARTIKA KALABAHI | N19: KC Kalabahi | O19: Denpasar | P19: Tidak | Q19: Tidak | R19: Done | S19: Approved | T19: 90171841 - Rifqi Aziz | U19: "-" | V19: I Made Budiartha | X19: =[3]STR!$X19 -> TRUE | Y19: =_xlfn.XLOOKUP(TRIM(B19), [4]STR!$2:$2, [4]STR!$44:$44, "")
A20: 46265 | B20: CV OVINTIV INC | C20: CY15231 | D20: 722001000042562 | E20: 0 | F20: Tidak | G20: Tidak | H20: Tidak | I20: Business Email Compromise (BEC) | J20: 30 | K20: 13 | L20: Penipuan | M20: UNIT SUDIRMAN DENPASAR GM | N20: KC Denpasar Gajah Mada | O20: Denpasar | P20: Tidak | Q20: Tidak | R20: Done | S20: Approved | T20: 90170665 - Mutiara Ayuningtyas | U20: "-" | V20: Dewa Nyoman Wedana | X20: =[3]STR!$X20 -> FALSE | Y20: =_xlfn.XLOOKUP(TRIM(B20), [4]STR!$2:$2, [4]STR!$44:$44, "")
A21: 46265 | B21: PT INDOMARCO ADI PRIMA | C21: PFX2861 | D21: 1701000338303 | E21: SEDANG | F21: Tidak | G21: Tidak | H21: Tidak | I21: Narkotika - Area Lapas | J21: 50 | K21: 46 | L21: Narkotika | M21: KC Denpasar Gajah Mada | N21: KC Denpasar Gajah Mada | O21: Denpasar | P21: Tidak | Q21: Tidak | R21: Done | S21: Approved | T21: 90170665 - Mutiara Ayuningtyas | U21: "-" | V21: Dewa Nyoman Wedana | X21: =[3]STR!$X21 -> FALSE | Y21: =_xlfn.XLOOKUP(TRIM(B21), [4]STR!$2:$2, [4]STR!$44:$44, "")
A22: 46265 | B22: PT SUMBAWA BANGKIT SEJAHTERA | C22: PAV7505 | D22: 9301001108301 | E22: SEDANG | F22: Tidak | G22: Tidak | H22: Tidak | I22: Perpajakan | J22: 50 | K22: 41 | L22: Perpajakan | M22: KC Sumbawa Besar | N22: KC Sumbawa Besar | O22: Denpasar | P22: Tidak | Q22: Ya | R22: Done | S22: Approved | T22: 90185537 - Moh.Khoerul Fajar Ar | U22: "-" | V22: I Made Budiartha | X22: =[3]STR!$X22 -> TRUE | Y22: =_xlfn.XLOOKUP(TRIM(B22), [4]STR!$2:$2, [4]STR!$44:$44, "") -> 3.06875
A23: 46265 | B23: PT.BPR MITRA BALI MUKTIJAYA MANDIRI | C23: PA37556 | D23: 462601000001309 | E23: SEDANG | F23: Tidak | G23: Tidak | H23: Tidak | I23: Narkotika - Area Lapas | J23: 48 | K23: 47 | L23: Narkotika | M23: UNIT KAYUAMBA BANGLI | N23: KC Bangli | O23: Denpasar | P23: Tidak | Q23: Tidak | R23: Done | S23: Approved | T23: 90150130 - Intan Aida Pratiwi | U23: "-" | V23: I Made Budiartha | X23: =[3]STR!$X23 -> TRUE | Y23: =_xlfn.XLOOKUP(TRIM(B23), [4]STR!$2:$2, [4]STR!$44:$44, "")
A24: 46265 | B24: NUH ASGAR | C24: NP55289 | D24: 8801026455502 | E24: TINGGI | F24: Tidak | G24: Tidak | H24: Tidak | I24: Perikanan dan Kelautan | J24: 70 | K24: 101 | L24: Perikanan dan Kelautan | M24: KC Singaraja | N24: KC Singaraja | O24: Denpasar | P24: Tidak | Q24: Tidak | R24: Done | S24: Approved | T24: 90171841 - Rifqi Aziz | U24: "-" | V24: Ida Bagus Pidada Manuaba | X24: =[3]STR!$X24 -> TRUE | Y24: =_xlfn.XLOOKUP(TRIM(B24), [4]STR!$2:$2, [4]STR!$44:$44, "")
A25: 46265 | B25: MAYANTI | C25: MKQC961 | D25: 468801024833530 | E25: SEDANG | F25: Tidak | G25: Tidak | H25: Tidak | I25: Narkotika - Area Lapas | J25: 51 | K25: 46 | L25: Narkotika | M25: UNIT NARMADA MATARAM | N25: KC Mataram | O25: Denpasar | P25: Tidak | Q25: Tidak | R25: Done | S25: Approved | T25: 00336949 - Mochammad Al Farabi | U25: "-" | V25: Ida Bagus Pidada Manuaba | X25: =[3]STR!$X25 -> TRUE | Y25: =_xlfn.XLOOKUP(TRIM(B25), [4]STR!$2:$2, [4]STR!$44:$44, "")

Sheet EDD PEP PPATK
D1: 46280
A2: No. | B2: Unit Kerja | C2: PIC RAC | D2: %PEP TL Done | E2: Average
A3: 4 | B3: KC Bangli | C3: Dewa Nyoman Wedana | D3: =_xlfn.XLOOKUP(B3, [1]PEP!$B:$B,[1]PEP!$G:$G) -> 1 | E3: =AVERAGE(D3:D13) -> 1
A4: 8 | B4: KC Dompu | C4: Dewa Nyoman Wedana | D4: =_xlfn.XLOOKUP(B4, [1]PEP!$B:$B,[1]PEP!$G:$G) -> 1
A5: 11 | B5: KC Kalabahi | C5: Dewa Nyoman Wedana | D5: =_xlfn.XLOOKUP(B5, [1]PEP!$B:$B,[1]PEP!$G:$G) -> 1
A6: 12 | B6: KC Kefamenanu | C6: Dewa Nyoman Wedana | D6: =_xlfn.XLOOKUP(B6, [1]PEP!$B:$B,[1]PEP!$G:$G) -> 1
A7: 32 | B7: KC Labuan Bajo | C7: Dewa Nyoman Wedana | D7: =_xlfn.XLOOKUP(B7, [1]PEP!$B:$B,[1]PEP!$G:$G) -> 1
A8: 19 | B8: KC Praya | C8: Dewa Nyoman Wedana | D8: =_xlfn.XLOOKUP(B8, [1]PEP!$B:$B,[1]PEP!$G:$G) -> 1
A9: 21 | B9: KC Ruteng | C9: Dewa Nyoman Wedana | D9: =_xlfn.XLOOKUP(B9, [1]PEP!$B:$B,[1]PEP!$G:$G) -> 1
A10: 27 | B10: KC Tabanan | C10: Dewa Nyoman Wedana | D10: =_xlfn.XLOOKUP(B10, [1]PEP!$B:$B,[1]PEP!$G:$G) -> 1
A11: 29 | B11: KC Denpasar Ubud | C11: Dewa Nyoman Wedana | D11: =_xlfn.XLOOKUP(B11, [1]PEP!$B:$B,[1]PEP!$G:$G) -> 1
A12: 30 | B12: KC Waikabubak | C12: Dewa Nyoman Wedana | D12: =_xlfn.XLOOKUP(B12, [1]PEP!$B:$B,[1]PEP!$G:$G) -> 1
A13: 5 | B13: KC Denpasar Gajah Mada | C13: Dewa Nyoman Wedana | D13: =_xlfn.XLOOKUP(B13, [1]PEP!$B:$B,[1]PEP!$G:$G) -> 1
A14: 2 | B14: KC Atambua | C14: I Made Budiartha | D14: =_xlfn.XLOOKUP(B14, [1]PEP!$B:$B,[1]PEP!$G:$G) -> 0.96153846 | E14: =AVERAGE(D14:D26) -> 0.99540476
A15: 3 | B15: KC Bajawa | C15: I Made Budiartha | D15: =_xlfn.XLOOKUP(B15, [1]PEP!$B:$B,[1]PEP!$G:$G) -> 1
A16: 9 | B16: KC Ende | C16: I Made Budiartha | D16: =_xlfn.XLOOKUP(B16, [1]PEP!$B:$B,[1]PEP!$G:$G) -> 1
A17: 10 | B17: KC Gianyar | C17: I Made Budiartha | D17: =_xlfn.XLOOKUP(B17, [1]PEP!$B:$B,[1]PEP!$G:$G) -> 1
A18: 13 | B18: KC Kupang | C18: I Made Budiartha | D18: =_xlfn.XLOOKUP(B18, [1]PEP!$B:$B,[1]PEP!$G:$G) -> 1
A19: 14 | B19: KC Kuta | C19: I Made Budiartha | D19: =_xlfn.XLOOKUP(B19, [1]PEP!$B:$B,[1]PEP!$G:$G) -> 1
A20: 15 | B20: KC Larantuka | C20: I Made Budiartha | D20: =_xlfn.XLOOKUP(B20, [1]PEP!$B:$B,[1]PEP!$G:$G) -> 1
A21: 18 | B21: KC Negara | C21: I Made Budiartha | D21: =_xlfn.XLOOKUP(B21, [1]PEP!$B:$B,[1]PEP!$G:$G) -> 1
A22: 22 | B22: KC Selong | C22: I Made Budiartha | D22: =_xlfn.XLOOKUP(B22, [1]PEP!$B:$B,[1]PEP!$G:$G) -> 0.9787234
A23: 23 | B23: KC Semarapura | C23: I Made Budiartha | D23: =_xlfn.XLOOKUP(B23, [1]PEP!$B:$B,[1]PEP!$G:$G) -> 1
A24: 25 | B24: KC Soe | C24: I Made Budiartha | D24: =_xlfn.XLOOKUP(B24, [1]PEP!$B:$B,[1]PEP!$G:$G) -> 1
A25: 26 | B25: KC Sumbawa Besar | C25: I Made Budiartha | D25: =_xlfn.XLOOKUP(B25, [1]PEP!$B:$B,[1]PEP!$G:$G) -> 1
A26: 28 | B26: KC Tabanan Kediri | C26: I Made Budiartha | D26: =_xlfn.XLOOKUP(B26, [1]PEP!$B:$B,[1]PEP!$G:$G) -> 1
A27: 1 | B27: KC Amlapura | C27: Ida Bagus Pidada Manuaba | D27: =_xlfn.XLOOKUP(B27, [1]PEP!$B:$B,[1]PEP!$G:$G) -> 1 | E27: =AVERAGE(D27:D34) -> 0.99934896
A28: 6 | B28: KC Denpasar Gatot Subroto | C28: Ida Bagus Pidada Manuaba | D28: =_xlfn.XLOOKUP(B28, [1]PEP!$B:$B,[1]PEP!$G:$G) -> 1
A29: 7 | B29: KC Denpasar Renon | C29: Ida Bagus Pidada Manuaba | D29: =_xlfn.XLOOKUP(B29, [1]PEP!$B:$B,[1]PEP!$G:$G) -> 1
A30: 16 | B30: KC Mataram | C30: Ida Bagus Pidada Manuaba | D30: =_xlfn.XLOOKUP(B30, [1]PEP!$B:$B,[1]PEP!$G:$G) -> 0.99479167
A31: 17 | B31: KC Maumere | C31: Ida Bagus Pidada Manuaba | D31: =_xlfn.XLOOKUP(B31, [1]PEP!$B:$B,[1]PEP!$G:$G) -> 1
A32: 20 | B32: KC Raba Bima | C32: Ida Bagus Pidada Manuaba | D32: =_xlfn.XLOOKUP(B32, [1]PEP!$B:$B,[1]PEP!$G:$G) -> 1
A33: 24 | B33: KC Singaraja | C33: Ida Bagus Pidada Manuaba | D33: =_xlfn.XLOOKUP(B33, [1]PEP!$B:$B,[1]PEP!$G:$G) -> 1
A34: 31 | B34: KC Waingapu | C34: Ida Bagus Pidada Manuaba | D34: =_xlfn.XLOOKUP(B34, [1]PEP!$B:$B,[1]PEP!$G:$G) -> 1

Sheet Bad Data
D1: 46280
A2: No. | B2: Unit Kerja | C2: PIC RAC | D2: %Bad Data | E2: Average
A3: 1 | B3: KC Bangli | C3: ='EDD PEP PPATK'!C6 -> Dewa Nyoman Wedana | D3: =_xlfn.XLOOKUP(B3, '[1]Bad Data'!$B:$B, '[1]Bad Data'!$D:$D) -> 0.00339 | E3: =AVERAGE(D3:D13) -> 0.0062190909
A4: 2 | B4: KC Dompu | C4: ='EDD PEP PPATK'!C10 -> Dewa Nyoman Wedana | D4: =_xlfn.XLOOKUP(B4, '[1]Bad Data'!$B:$B, '[1]Bad Data'!$D:$D) -> 0.00913
A5: 3 | B5: KC Kalabahi | C5: ='EDD PEP PPATK'!C13 -> Dewa Nyoman Wedana | D5: =_xlfn.XLOOKUP(B5, '[1]Bad Data'!$B:$B, '[1]Bad Data'!$D:$D) -> 0.00493
A6: 4 | B6: KC Denpasar Gajah Mada | C6: ='EDD PEP PPATK'!C7 -> Dewa Nyoman Wedana | D6: =_xlfn.XLOOKUP(B6, '[1]Bad Data'!$B:$B, '[1]Bad Data'!$D:$D) -> 0.00555
A7: 5 | B7: KC Atambua | C7: ='EDD PEP PPATK'!C4 -> Dewa Nyoman Wedana | D7: =_xlfn.XLOOKUP(B7, '[1]Bad Data'!$B:$B, '[1]Bad Data'!$D:$D) -> 0.0059
A8: 6 | B8: KC Bajawa | C8: ='EDD PEP PPATK'!C5 -> Dewa Nyoman Wedana | D8: =_xlfn.XLOOKUP(B8, '[1]Bad Data'!$B:$B, '[1]Bad Data'!$D:$D) -> 0.00684
A9: 7 | B9: KC Ende | C9: ='EDD PEP PPATK'!C11 -> Dewa Nyoman Wedana | D9: =_xlfn.XLOOKUP(B9, '[1]Bad Data'!$B:$B, '[1]Bad Data'!$D:$D) -> 0.0099
A10: 8 | B10: KC Gianyar | C10: ='EDD PEP PPATK'!C12 -> Dewa Nyoman Wedana | D10: =_xlfn.XLOOKUP(B10, '[1]Bad Data'!$B:$B, '[1]Bad Data'!$D:$D) -> 0.00379
A11: 9 | B11: KC Amlapura | C11: ='EDD PEP PPATK'!C3 -> Dewa Nyoman Wedana | D11: =_xlfn.XLOOKUP(B11, '[1]Bad Data'!$B:$B, '[1]Bad Data'!$D:$D) -> 0.00752
A12: 10 | B12: KC Denpasar Gatot Subroto | C12: ='EDD PEP PPATK'!C8 -> Dewa Nyoman Wedana | D12: =_xlfn.XLOOKUP(B12, '[1]Bad Data'!$B:$B, '[1]Bad Data'!$D:$D) -> 0.00644
A13: 11 | B13: KC Denpasar Renon | C13: ='EDD PEP PPATK'!C9 -> Dewa Nyoman Wedana | D13: =_xlfn.XLOOKUP(B13, '[1]Bad Data'!$B:$B, '[1]Bad Data'!$D:$D) -> 0.00502
A14: 12 | B14: KC Kefamenanu | C14: ='EDD PEP PPATK'!C14 -> I Made Budiartha | D14: =_xlfn.XLOOKUP(B14, '[1]Bad Data'!$B:$B, '[1]Bad Data'!$D:$D) -> 0.00586 | E14: =AVERAGE(D14:D26) -> 0.00619
A15: 13 | B15: KC Larantuka | C15: ='EDD PEP PPATK'!C17 -> I Made Budiartha | D15: =_xlfn.XLOOKUP(B15, '[1]Bad Data'!$B:$B, '[1]Bad Data'!$D:$D) -> 0.00739
A16: 14 | B16: KC Raba Bima | C16: ='EDD PEP PPATK'!C22 -> I Made Budiartha | D16: =_xlfn.XLOOKUP(B16, '[1]Bad Data'!$B:$B, '[1]Bad Data'!$D:$D) -> 0.00837
A17: 15 | B17: KC Selong | C17: ='EDD PEP PPATK'!C24 -> I Made Budiartha | D17: =_xlfn.XLOOKUP(B17, '[1]Bad Data'!$B:$B, '[1]Bad Data'!$D:$D) -> 0.00892
A18: 16 | B18: KC Kupang | C18: ='EDD PEP PPATK'!C15 -> I Made Budiartha | D18: =_xlfn.XLOOKUP(B18, '[1]Bad Data'!$B:$B, '[1]Bad Data'!$D:$D) -> 0.01086
A19: 17 | B19: KC Kuta | C19: ='EDD PEP PPATK'!C16 -> I Made Budiartha | D19: =_xlfn.XLOOKUP(B19, '[1]Bad Data'!$B:$B, '[1]Bad Data'!$D:$D) -> 0.00402
A20: 18 | B20: KC Mataram | C20: ='EDD PEP PPATK'!C18 -> I Made Budiartha | D20: =_xlfn.XLOOKUP(B20, '[1]Bad Data'!$B:$B, '[1]Bad Data'!$D:$D) -> 0.00468
A21: 19 | B21: KC Praya | C21: ='EDD PEP PPATK'!C21 -> I Made Budiartha | D21: =_xlfn.XLOOKUP(B21, '[1]Bad Data'!$B:$B, '[1]Bad Data'!$D:$D) -> 0.00776
A22: 20 | B22: KC Semarapura | C22: ='EDD PEP PPATK'!C25 -> I Made Budiartha | D22: =_xlfn.XLOOKUP(B22, '[1]Bad Data'!$B:$B, '[1]Bad Data'!$D:$D) -> 0.00302
A23: 21 | B23: KC Singaraja | C23: ='EDD PEP PPATK'!C26 -> I Made Budiartha | D23: =_xlfn.XLOOKUP(B23, '[1]Bad Data'!$B:$B, '[1]Bad Data'!$D:$D) -> 0.0061
A24: 22 | B24: KC Maumere | C24: ='EDD PEP PPATK'!C19 -> I Made Budiartha | D24: =_xlfn.XLOOKUP(B24, '[1]Bad Data'!$B:$B, '[1]Bad Data'!$D:$D) -> 0.00602
A25: 23 | B25: KC Negara | C25: ='EDD PEP PPATK'!C20 -> I Made Budiartha | D25: =_xlfn.XLOOKUP(B25, '[1]Bad Data'!$B:$B, '[1]Bad Data'!$D:$D) -> 0.00588
A26: 24 | B26: KC Ruteng | C26: ='EDD PEP PPATK'!C23 -> I Made Budiartha | D26: =_xlfn.XLOOKUP(B26, '[1]Bad Data'!$B:$B, '[1]Bad Data'!$D:$D) -> 0.00159
A27: 25 | B27: KC Tabanan Kediri | C27: ='EDD PEP PPATK'!C30 -> Ida Bagus Pidada Manuaba | D27: =_xlfn.XLOOKUP(B27, '[1]Bad Data'!$B:$B, '[1]Bad Data'!$D:$D) -> 0.00016 | E27: =AVERAGE(D27:D34) -> 0.0065625
A28: 26 | B28: KC Waikabubak | C28: ='EDD PEP PPATK'!C32 -> Ida Bagus Pidada Manuaba | D28: =_xlfn.XLOOKUP(B28, '[1]Bad Data'!$B:$B, '[1]Bad Data'!$D:$D) -> 0.00643
A29: 27 | B29: KC Waingapu | C29: ='EDD PEP PPATK'!C33 -> Ida Bagus Pidada Manuaba | D29: =_xlfn.XLOOKUP(B29, '[1]Bad Data'!$B:$B, '[1]Bad Data'!$D:$D) -> 0.01403
A30: 28 | B30: KC Sumbawa Besar | C30: ='EDD PEP PPATK'!C28 -> Ida Bagus Pidada Manuaba | D30: =_xlfn.XLOOKUP(B30, '[1]Bad Data'!$B:$B, '[1]Bad Data'!$D:$D) -> 0.00681
A31: 29 | B31: KC Tabanan | C31: ='EDD PEP PPATK'!C29 -> Ida Bagus Pidada Manuaba | D31: =_xlfn.XLOOKUP(B31, '[1]Bad Data'!$B:$B, '[1]Bad Data'!$D:$D) -> 0.00616
A32: 30 | B32: KC Denpasar Ubud | C32: ='EDD PEP PPATK'!C31 -> Ida Bagus Pidada Manuaba | D32: =_xlfn.XLOOKUP(B32, '[1]Bad Data'!$B:$B, '[1]Bad Data'!$D:$D) -> 0.00289
A33: 31 | B33: KC Soe | C33: ='EDD PEP PPATK'!C27 -> Ida Bagus Pidada Manuaba | D33: =_xlfn.XLOOKUP(B33, '[1]Bad Data'!$B:$B, '[1]Bad Data'!$D:$D) -> 0.00947
A34: 32 | B34: KC Labuan Bajo | C34: ='EDD PEP PPATK'!C34 -> Ida Bagus Pidada Manuaba | D34: =_xlfn.XLOOKUP(B34, '[1]Bad Data'!$B:$B, '[1]Bad Data'!$D:$D) -> 0.00655

Sheet Pengkinian Data
D1: 46289
A2: No. | B2: Unit Kerja | C2: PIC RAC | D2: %Pengkinian Data | E2: Average
A3: 1 | B3: KC Amlapura | C3: ='EDD PEP PPATK'!C3 -> Dewa Nyoman Wedana | D3: =_xlfn.XLOOKUP(B3,'[1]Pengkinian Data'!$B:$B, '[1]Pengkinian Data'!$E:$E) -> 0.776 | E3: =AVERAGE(D3:D13) -> 0.82072727
A4: 2 | B4: KC Atambua | C4: ='EDD PEP PPATK'!C4 -> Dewa Nyoman Wedana | D4: =_xlfn.XLOOKUP(B4,'[1]Pengkinian Data'!$B:$B, '[1]Pengkinian Data'!$E:$E) -> 0.7784
A5: 3 | B5: KC Bajawa | C5: ='EDD PEP PPATK'!C5 -> Dewa Nyoman Wedana | D5: =_xlfn.XLOOKUP(B5,'[1]Pengkinian Data'!$B:$B, '[1]Pengkinian Data'!$E:$E) -> 0.8075
A6: 4 | B6: KC Bangli | C6: ='EDD PEP PPATK'!C6 -> Dewa Nyoman Wedana | D6: =_xlfn.XLOOKUP(B6,'[1]Pengkinian Data'!$B:$B, '[1]Pengkinian Data'!$E:$E) -> 0.9542
A7: 5 | B7: KC Denpasar Gajah Mada | C7: ='EDD PEP PPATK'!C7 -> Dewa Nyoman Wedana | D7: =_xlfn.XLOOKUP(B7,'[1]Pengkinian Data'!$B:$B, '[1]Pengkinian Data'!$E:$E) -> 0.9035
A8: 6 | B8: KC Denpasar Gatot Subroto | C8: ='EDD PEP PPATK'!C8 -> Dewa Nyoman Wedana | D8: =_xlfn.XLOOKUP(B8,'[1]Pengkinian Data'!$B:$B, '[1]Pengkinian Data'!$E:$E) -> 0.7923
A9: 7 | B9: KC Denpasar Renon | C9: ='EDD PEP PPATK'!C9 -> Dewa Nyoman Wedana | D9: =_xlfn.XLOOKUP(B9,'[1]Pengkinian Data'!$B:$B, '[1]Pengkinian Data'!$E:$E) -> 0.7972
A10: 8 | B10: KC Dompu | C10: ='EDD PEP PPATK'!C10 -> Dewa Nyoman Wedana | D10: =_xlfn.XLOOKUP(B10,'[1]Pengkinian Data'!$B:$B, '[1]Pengkinian Data'!$E:$E) -> 0.7836
A11: 9 | B11: KC Ende | C11: ='EDD PEP PPATK'!C11 -> Dewa Nyoman Wedana | D11: =_xlfn.XLOOKUP(B11,'[1]Pengkinian Data'!$B:$B, '[1]Pengkinian Data'!$E:$E) -> 0.7713
A12: 10 | B12: KC Gianyar | C12: ='EDD PEP PPATK'!C12 -> Dewa Nyoman Wedana | D12: =_xlfn.XLOOKUP(B12,'[1]Pengkinian Data'!$B:$B, '[1]Pengkinian Data'!$E:$E) -> 0.836
A13: 11 | B13: KC Kalabahi | C13: ='EDD PEP PPATK'!C13 -> Dewa Nyoman Wedana | D13: =_xlfn.XLOOKUP(B13,'[1]Pengkinian Data'!$B:$B, '[1]Pengkinian Data'!$E:$E) -> 0.828
A14: 12 | B14: KC Kefamenanu | C14: ='EDD PEP PPATK'!C14 -> I Made Budiartha | D14: =_xlfn.XLOOKUP(B14,'[1]Pengkinian Data'!$B:$B, '[1]Pengkinian Data'!$E:$E) -> 0.8968 | E14: =AVERAGE(D14:D26) -> 0.84215385
A15: 13 | B15: KC Kupang | C15: ='EDD PEP PPATK'!C15 -> I Made Budiartha | D15: =_xlfn.XLOOKUP(B15,'[1]Pengkinian Data'!$B:$B, '[1]Pengkinian Data'!$E:$E) -> 0.7708
A16: 14 | B16: KC Kuta | C16: ='EDD PEP PPATK'!C16 -> I Made Budiartha | D16: =_xlfn.XLOOKUP(B16,'[1]Pengkinian Data'!$B:$B, '[1]Pengkinian Data'!$E:$E) -> 0.8871
A17: 15 | B17: KC Larantuka | C17: ='EDD PEP PPATK'!C17 -> I Made Budiartha | D17: =_xlfn.XLOOKUP(B17,'[1]Pengkinian Data'!$B:$B, '[1]Pengkinian Data'!$E:$E) -> 0.7949
A18: 16 | B18: KC Mataram | C18: ='EDD PEP PPATK'!C18 -> I Made Budiartha | D18: =_xlfn.XLOOKUP(B18,'[1]Pengkinian Data'!$B:$B, '[1]Pengkinian Data'!$E:$E) -> 0.8334
A19: 17 | B19: KC Maumere | C19: ='EDD PEP PPATK'!C19 -> I Made Budiartha | D19: =_xlfn.XLOOKUP(B19,'[1]Pengkinian Data'!$B:$B, '[1]Pengkinian Data'!$E:$E) -> 0.901
A20: 18 | B20: KC Negara | C20: ='EDD PEP PPATK'!C20 -> I Made Budiartha | D20: =_xlfn.XLOOKUP(B20,'[1]Pengkinian Data'!$B:$B, '[1]Pengkinian Data'!$E:$E) -> 0.8177
A21: 19 | B21: KC Praya | C21: ='EDD PEP PPATK'!C21 -> I Made Budiartha | D21: =_xlfn.XLOOKUP(B21,'[1]Pengkinian Data'!$B:$B, '[1]Pengkinian Data'!$E:$E) -> 0.7792
A22: 20 | B22: KC Raba Bima | C22: ='EDD PEP PPATK'!C22 -> I Made Budiartha | D22: =_xlfn.XLOOKUP(B22,'[1]Pengkinian Data'!$B:$B, '[1]Pengkinian Data'!$E:$E) -> 0.8022
A23: 21 | B23: KC Ruteng | C23: ='EDD PEP PPATK'!C23 -> I Made Budiartha | D23: =_xlfn.XLOOKUP(B23,'[1]Pengkinian Data'!$B:$B, '[1]Pengkinian Data'!$E:$E) -> 0.9963
A24: 22 | B24: KC Selong | C24: ='EDD PEP PPATK'!C24 -> I Made Budiartha | D24: =_xlfn.XLOOKUP(B24,'[1]Pengkinian Data'!$B:$B, '[1]Pengkinian Data'!$E:$E) -> 0.7817
A25: 23 | B25: KC Semarapura | C25: ='EDD PEP PPATK'!C25 -> I Made Budiartha | D25: =_xlfn.XLOOKUP(B25,'[1]Pengkinian Data'!$B:$B, '[1]Pengkinian Data'!$E:$E) -> 0.8765
A26: 24 | B26: KC Singaraja | C26: ='EDD PEP PPATK'!C26 -> I Made Budiartha | D26: =_xlfn.XLOOKUP(B26,'[1]Pengkinian Data'!$B:$B, '[1]Pengkinian Data'!$E:$E) -> 0.8104
A27: 25 | B27: KC Soe | C27: ='EDD PEP PPATK'!C27 -> Ida Bagus Pidada Manuaba | D27: =_xlfn.XLOOKUP(B27,'[1]Pengkinian Data'!$B:$B, '[1]Pengkinian Data'!$E:$E) -> 0.8599 | E27: =AVERAGE(D27:D34) -> 0.8402875
A28: 26 | B28: KC Sumbawa Besar | C28: ='EDD PEP PPATK'!C28 -> Ida Bagus Pidada Manuaba | D28: =_xlfn.XLOOKUP(B28,'[1]Pengkinian Data'!$B:$B, '[1]Pengkinian Data'!$E:$E) -> 0.7924
A29: 27 | B29: KC Tabanan | C29: ='EDD PEP PPATK'!C29 -> Ida Bagus Pidada Manuaba | D29: =_xlfn.XLOOKUP(B29,'[1]Pengkinian Data'!$B:$B, '[1]Pengkinian Data'!$E:$E) -> 0.8092
A30: 28 | B30: KC Tabanan Kediri | C30: ='EDD PEP PPATK'!C30 -> Ida Bagus Pidada Manuaba | D30: =_xlfn.XLOOKUP(B30,'[1]Pengkinian Data'!$B:$B, '[1]Pengkinian Data'!$E:$E) -> 1
A31: 29 | B31: KC Denpasar Ubud | C31: ='EDD PEP PPATK'!C31 -> Ida Bagus Pidada Manuaba | D31: =_xlfn.XLOOKUP(B31,'[1]Pengkinian Data'!$B:$B, '[1]Pengkinian Data'!$E:$E) -> 0.8902
A32: 30 | B32: KC Waikabubak | C32: ='EDD PEP PPATK'!C32 -> Ida Bagus Pidada Manuaba | D32: =_xlfn.XLOOKUP(B32,'[1]Pengkinian Data'!$B:$B, '[1]Pengkinian Data'!$E:$E) -> 0.798
A33: 31 | B33: KC Waingapu | C33: ='EDD PEP PPATK'!C33 -> Ida Bagus Pidada Manuaba | D33: =_xlfn.XLOOKUP(B33,'[1]Pengkinian Data'!$B:$B, '[1]Pengkinian Data'!$E:$E) -> 0.8507
A34: 32 | B34: KC Labuan Bajo | C34: ='EDD PEP PPATK'!C34 -> Ida Bagus Pidada Manuaba | D34: =_xlfn.XLOOKUP(B34,'[1]Pengkinian Data'!$B:$B, '[1]Pengkinian Data'!$E:$E) -> 0.7219

Sheet Sosialisasi
A1: No. | B1: Unit Kerja | C1: PIC RAC | D1: Materi* | E1: Tanggal Rencana Pelaksanaan | F1: Tanggal Pelaksanaan* | G1: Jumlah Peserta* | H1: Jabatan Peserta* | I1: Dokumen Evidence**
A2: 1 | B2: KC Balige
A3: 2 | B3: KC Binjai
A4: 3 | B4: KC Gunung Sitoli
A5: 4 | B5: KC Kabanjahe
A6: 5 | B6: KC Kisaran
A7: 6 | B7: KC Kota Pinang
A8: 7 | B8: KC Lubuk Pakam
A9: 8 | B9: KC Medan Gatot Subroto
A10: 9 | B10: KC Medan Iskandar Muda
A11: 10 | B11: KC Medan Putri Hijau
A12: 11 | B12: KC Medan Sisingamangaraja
A13: 12 | B13: KC Medan Thamrin
... A25: 24 | B25: KC Tebing Tinggi
B27: Keterangan:
B28: *Diisi jika telah dilaksanakan
B29: **https://bbri.id/MonevaRAC
B31: Evidence terdiri dari:
B32: 1. Dokumentasi Foto
B33: 2. Berita Acara
B34: 3. Absensi
B35: 4. Materi Sosisalisasi
B36: 5. List Pertanyaan

Sheet Uji Petik
A1: No. | B1: Unit Kerja | C1: PIC RAC | D1: Rencana Pelaksanaan | E1: Tanggal Pelaksanaan* | F1: Dokumen Evidence**
A3: ='EDD PEP PPATK'!A3 -> 4 | B3: ='EDD PEP PPATK'!B3 -> KC Bangli | C3: ='EDD PEP PPATK'!C3 -> Dewa Nyoman Wedana
A4: ='EDD PEP PPATK'!A4 -> 8 | B4: ='EDD PEP PPATK'!B4 -> KC Dompu | C4: ='EDD PEP PPATK'!C4 -> Dewa Nyoman Wedana
A5: ='EDD PEP PPATK'!A5 -> 11 | B5: ='EDD PEP PPATK'!B5 -> KC Kalabahi | C5: ='EDD PEP PPATK'!C5 -> Dewa Nyoman Wedana
A6: ='EDD PEP PPATK'!A6 -> 12 | B6: ='EDD PEP PPATK'!B6 -> KC Kefamenanu | C6: ='EDD PEP PPATK'!C6 -> Dewa Nyoman Wedana
A7: ='EDD PEP PPATK'!A7 -> 32 | B7: ='EDD PEP PPATK'!B7 -> KC Labuan Bajo | C7: ='EDD PEP PPATK'!C7 -> Dewa Nyoman Wedana
A8: ='EDD PEP PPATK'!A8 -> 19 | B8: ='EDD PEP PPATK'!B8 -> KC Praya | C8: ='EDD PEP PPATK'!C8 -> Dewa Nyoman Wedana
A9: ='EDD PEP PPATK'!A9 -> 21 | B9: ='EDD PEP PPATK'!B9 -> KC Ruteng | C9: ='EDD PEP PPATK'!C9 -> Dewa Nyoman Wedana
A10: ='EDD PEP PPATK'!A10 -> 27 | B10: ='EDD PEP PPATK'!B10 -> KC Tabanan | C10: ='EDD PEP PPATK'!C10 -> Dewa Nyoman Wedana
A11: ='EDD PEP PPATK'!A11 -> 29 | B11: ='EDD PEP PPATK'!B11 -> KC Denpasar Ubud | C11: ='EDD PEP PPATK'!C11 -> Dewa Nyoman Wedana
A12: ='EDD PEP PPATK'!A12 -> 30 | B12: ='EDD PEP PPATK'!B12 -> KC Waikabubak | C12: ='EDD PEP PPATK'!C12 -> Dewa Nyoman Wedana
A13: ='EDD PEP PPATK'!A13 -> 5 | B13: ='EDD PEP PPATK'!B13 -> KC Denpasar Gajah Mada | C13: ='EDD PEP PPATK'!C13 -> Dewa Nyoman Wedana
A14: ='EDD PEP PPATK'!A14 -> 2 | B14: ='EDD PEP PPATK'!B14 -> KC Atambua | C14: ='EDD PEP PPATK'!C14 -> I Made Budiartha
... A34: ='EDD PEP PPATK'!A34 -> 31 | B34: ='EDD PEP PPATK'!B34 -> KC Waingapu | C34: ='EDD PEP PPATK'!C34 -> Ida Bagus Pidada Manuaba
B36: Keterangan:
B37: *Diisi jika telah dilaksanakan
B38: **https://bri2-my.sharepoint.com/:f:/g/personal/00136153_hq_bri_co_id/IgCVH86XOXLlRqmBmCLe7YBRAXEe0byOs2w2tf2USoA7RBc?e=hKgU6W
B41: Evidence terdiri dari:
B42: 1. Dokumentasi Foto
B43: 2. Berita Acara
B44: 3. Absensi
B45: 4.Kertas Kerja
B46: 5. Laporan Uji Petik

Sheet Nilai Maturitas
A1: No. | B1: Unit Kerja | C1: PIC RAC | D1: Nilai maturitas | E1: Nilai maturitas | F1: Rating maturitas
A2: 4 | B2: BO Bangli | C2: Dewa Nyoman Wedana | D2: 9.5700782 | E2: =AVERAGE(D2:D12) -> 8.4678409 | F2: AB
A3: 8 | B3: BO Dompu | C3: Dewa Nyoman Wedana | D3: 8.4492791
A4: 11 | B4: BO Kalabahi | C4: Dewa Nyoman Wedana | D4: 8.3568429
A5: 12 | B5: BO Kefamenanu | C5: Dewa Nyoman Wedana | D5: 8.1774798
A6: 19 | B6: BO Praya | C6: Dewa Nyoman Wedana | D6: 7.7283976
A7: 21 | B7: BO Ruteng | C7: Dewa Nyoman Wedana | D7: 8.7745316
A8: 27 | B8: BO Tabanan | C8: Dewa Nyoman Wedana | D8: 5.7523407
A9: 29 | B9: BO Ubud | C9: Dewa Nyoman Wedana | D9: 9.6557384
A10: 30 | B10: BO Waikabubak | C10: Dewa Nyoman Wedana | D10: 7.8828922
A11: 32 | B11: BO Labuan Bajo | C11: Dewa Nyoman Wedana | D11: 9.3016756
A12: 5 | B12: BO Denpasar Gajah Mada | C12: Dewa Nyoman Werdana | D12: 9.4969943
A13: 2 | B13: BO Atambua | C13: I Made Budiartha | D13: 9.4518815 | E13: =AVERAGE(D13:D25) -> 8.1833122 | F13: AB
A14: 3 | B14: BO Bajawa | C14: I Made Budiartha | D14: 8.8372757
A15: 9 | B15: BO Ende | C15: I Made Budiartha | D15: 8.5348051
A16: 10 | B16: BO Gianyar | C16: I Made Budiartha | D16: 6.3630155
A17: 13 | B17: BO Kupang | C17: I Made Budiartha | D17: 6.3150433
A18: 14 | B18: BO Kuta | C18: I Made Budiartha | D18: 8.1128839
A19: 15 | B19: BO Larantuka | C19: I Made Budiartha | D19: 5.0718336
A20: 18 | B20: BO Negara | C20: I Made Budiartha | D20: 9.7725874
A21: 22 | B21: BO Selong | C21: I Made Budiartha | D21: 8.8130065
A22: 23 | B22: BO Semarapura | C22: I Made Budiartha | D22: 9.6998162
A23: 25 | B23: BO Soe | C23: I Made Budiartha | D23: 8.0022926
A24: 26 | B24: BO Sumbawa Besar | C24: I Made Budiartha | D24: 8.5592838
A25: 28 | B25: BO Tabanan Kediri | C25: I Made Budiartha | D25: 8.8493339
A26: 1 | B26: BO Amlapura | C26: Ida Bagus Pidada Manuaba | D26: 9.1736753 | E26: =AVERAGE(D26:D33) -> 8.4125952 | F26: AB
A27: 6 | B27: BO Denpasar Gatot Subroto | C27: Ida Bagus Pidada Manuaba | D27: 8.2921679
A28: 7 | B28: BO Denpasar Renon | C28: Ida Bagus Pidada Manuaba | D28: 8.9829565
A29: 16 | B29: BO Mataram | C29: Ida Bagus Pidada Manuaba | D29: 9.3605742
A30: 17 | B30: BO Maumere | C30: Ida Bagus Pidada Manuaba | D30: 7.8197632
A31: 20 | B31: BO Raba Bima | C31: Ida Bagus Pidada Manuaba | D31: 8.0880008
A32: 24 | B32: BO Singaraja | C32: Ida Bagus Pidada Manuaba | D32: 7.3973335
A33: 31 | B33: BO Waingapu | C33: Ida Bagus Pidada Manuaba | D33: 8.1862903

Sheet Penilaian Resiko
A1: No. | B1: Unit Kerja | C1: PIC RAC | D1: Nilai Risiko | E1: Nilai Risiko PIC | F1: Rating Risiko PIC
A2: 4 | B2: BO Bangli | C2: Dewa Nyoman Wedana | D2: 6.244998 | E2: =AVERAGE(D2:D12) -> 5.2774631 | F2: Medium
A3: 8 | B3: BO Dompu | C3: Dewa Nyoman Wedana | D3: 5.4083269
A4: 11 | B4: BO Kalabahi | C4: Dewa Nyoman Wedana | D4: 5.6124861
A5: 12 | B5: BO Kefamenanu | C5: Dewa Nyoman Wedana | D5: 5.4083269
A6: 19 | B6: BO Praya | C6: Dewa Nyoman Wedana | D6: 4.6904158
A7: 21 | B7: BO Ruteng | C7: Dewa Nyoman Wedana | D7: 5.4083269
A8: 27 | B8: BO Tabanan | C8: Dewa Nyoman Wedana | D8: 5.9791304
A9: 29 | B9: BO Ubud | C9: Dewa Nyoman Wedana | D9: 5.4772256
A10: 30 | B10: BO Waikabubak | C10: Dewa Nyoman Wedana | D10: 3.8729833
A11: 32 | B11: BO Labuan Bajo | C11: Dewa Nyoman Wedana | D11: 4.9749372
A12: 5 | B12: BO Denpasar Gajah Mada | C12: Dewa Nyoman Wedana | D12: 4.9749372
A13: 2 | B13: BO Atambua | C13: I Made Budiartha | D13: 5.4083269 | E13: =AVERAGE(D13:D25) -> 5.0043059 | F13: Medium
A14: 3 | B14: BO Bajawa | C14: I Made Budiartha | D14: 4.9749372
A15: 9 | B15: BO Ende | C15: I Made Budiartha | D15: 4.9749372
A16: 10 | B16: BO Gianyar | C16: I Made Budiartha | D16: 5.1961524
A17: 13 | B17: BO Kupang | C17: I Made Budiartha | D17: 4.6904158
A18: 14 | B18: BO Kuta | C18: I Made Budiartha | D18: 4.8989795
A19: 15 | B19: BO Larantuka | C19: I Made Budiartha | D19: 4.8989795
A20: 18 | B20: BO Negara | C20: I Made Budiartha | D20: 5
A21: 22 | B21: BO Selong | C21: I Made Budiartha | D21: 4.7434165
A22: 23 | B22: BO Semarapura | C22: I Made Budiartha | D22: 4.9749372
A23: 25 | B23: BO Soe | C23: I Made Budiartha | D23: 5.4083269
A24: 26 | B24: BO Sumbawa Besar | C24: I Made Budiartha | D24: 5.1961524
A25: 28 | B25: BO Tabanan Kediri | C25: I Made Budiartha | D25: 4.6904158
A26: 1 | B26: BO Amlapura | C26: Ida Bagus Pidada Manuaba | D26: 5.5 | E26: =AVERAGE(D26:D33) -> 5.0944106 | F26: Medium
A27: 6 | B27: BO Denpasar Gatot Subroto | C27: Ida Bagus Pidada Manuaba | D27: 5.5
A28: 7 | B28: BO Denpasar Renon | C28: Ida Bagus Pidada Manuaba | D28: 6.2048368
A29: 16 | B29: BO Mataram | C29: Ida Bagus Pidada Manuaba | D29: 4.2426407
A30: 17 | B30: BO Maumere | C30: Ida Bagus Pidada Manuaba | D30: 5.2440442
A31: 20 | B31: BO Raba Bima | C31: Ida Bagus Pidada Manuaba | D31: 4.1833001
A32: 24 | B32: BO Singaraja | C32: Ida Bagus Pidada Manuaba | D32: 5.4083269
A33: 31 | B33: BO Waingapu | C33: Ida Bagus Pidada Manuaba | D33: 4.472136

Sheet Maturitas Dashboard
A1: No. | B1: Unit Kerja | C1: PIC RAC | D1: Nilai Maturitas | E1: Nilai Maturitas PIC | F1: Rating Maturitas PIC
A2: 4 | B2: BO Bangli | C2: Dewa Nyoman Wedana | D2: 8.125 | E2: =AVERAGE(D2:D12) -> 7.6704545 | F2: Baik
A3: 8 | B3: BO Dompu | C3: Dewa Nyoman Wedana | D3: 7.375
A4: 11 | B4: BO Kalabahi | C4: Dewa Nyoman Wedana | D4: 6.75
A5: 12 | B5: BO Kefamenanu | C5: Dewa Nyoman Wedana | D5: 8.125
A6: 19 | B6: BO Praya | C6: Dewa Nyoman Wedana | D6: 7.25
A7: 21 | B7: BO Ruteng | C7: Dewa Nyoman Wedana | D7: 7.375
A8: 27 | B8: BO Tabanan | C8: Dewa Nyoman Wedana | D8: 8.125
A9: 29 | B9: BO Ubud | C9: Dewa Nyoman Wedana | D9: 8.125
A10: 30 | B10: BO Waikabubak | C10: Dewa Nyoman Wedana | D10: 7.75
A11: 32 | B11: BO Labuan Bajo | C11: Dewa Nyoman Wedana | D11: 7.25
A12: 5 | B12: BO Denpasar Gajah Mada | C12: Dewa Nyoman Wedana | D12: 8.125
A13: 2 | B13: BO Atambua | C13: I Made Budiartha | D13: 7.75 | E13: =AVERAGE(D13:D25) -> 7.6538462 | F13: Baik
A14: 3 | B14: BO Bajawa | C14: I Made Budiartha | D14: 7.25
A15: 9 | B15: BO Ende | C15: I Made Budiartha | D15: 7.375
A16: 10 | B16: BO Gianyar | C16: I Made Budiartha | D16: 8.125
A17: 13 | B17: BO Kupang | C17: I Made Budiartha | D17: 6.375
A18: 14 | B18: BO Kuta | C18: I Made Budiartha | D18: 8.125
A19: 15 | B19: BO Larantuka | C19: I Made Budiartha | D19: 7.375
A20: 18 | B20: BO Negara | C20: I Made Budiartha | D20: 8.125
A21: 22 | B21: BO Selong | C21: I Made Budiartha | D21: 7.375
A22: 23 | B22: BO Semarapura | C22: I Made Budiartha | D22: 8.125
A23: 25 | B23: BO Soe | C23: I Made Budiartha | D23: 6.875
A24: 26 | B24: BO Sumbawa Besar | C24: I Made Budiartha | D24: 8.125
A25: 28 | B25: BO Tabanan Kediri | C25: I Made Budiartha | D25: 8.5
A26: 1 | B26: BO Amlapura | C26: Ida Bagus Pidada Manuaba | D26: 7.75 | E26: =AVERAGE(D26:D33) -> 7.765625 | F26: Baik
A27: 6 | B27: BO Denpasar Gatot Subroto | C27: Ida Bagus Pidada Manuaba | D27: 8.125
A28: 7 | B28: BO Denpasar Renon | C28: Ida Bagus Pidada Manuaba | D28: 8.125
A29: 16 | B29: BO Mataram | C29: Ida Bagus Pidada Manuaba | D29: 8.125
A30: 17 | B30: BO Maumere | C30: Ida Bagus Pidada Manuaba | D30: 7.625
A31: 20 | B31: BO Raba Bima | C31: Ida Bagus Pidada Manuaba | D31: 7.375
A32: 24 | B32: BO Singaraja | C32: Ida Bagus Pidada Manuaba | D32: 8.125
A33: 31 | B33: BO Waingapu | C33: Ida Bagus Pidada Manuaba | D33: 6.875

Sheet Overview
A2: No | B2: Aspek Penilaian | C2: Dewa Nyoman Wedana | F2: I Made Budiartha | I2: Ida Bagus Pidada Manuaba
C3: Nilai | D3: Bobotan | E3: Score | F3: Nilai | G3: Bobotan | H3: Score | I3: Nilai | J3: Bobotan | K3: Score
A4: 1 | B4: STR | C4: =IFERROR(COUNTIFS(STR!$V:$V, Overview!C$2, STR!$X:$X, "TRUE")/COUNTIFS(STR!$V:$V, Overview!C2), 0) -> 0.125 | D4: 0.15 | E4: =D4*C4 -> 0.01875 | F4: =IFERROR(COUNTIFS(STR!$V:$V, Overview!F$2, STR!$X:$X, "TRUE")/COUNTIFS(STR!$V:$V, Overview!F2), 0) -> 1 | G4: 0.15 | H4: =G4*F4 -> 0.15 | I4: =IFERROR(COUNTIFS(STR!$V:$V, Overview!I$2, STR!$X:$X, "TRUE")/COUNTIFS(STR!$V:$V, Overview!I2), 0) -> 0.875 | J4: 0.15 | K4: =J4*I4 -> 0.13125
A5: 2 | B5: Bad Data | C5: =1-AVERAGEIF('Bad Data'!$C:$C, Overview!C$2, 'Bad Data'!$D:$D) -> 0.99378091 | D5: 0.1 | E5: =D5*C5 -> 0.099378091 | F5: =1-AVERAGEIF('Bad Data'!$C:$C, Overview!F$2, 'Bad Data'!$D:$D) -> 0.99381 | G5: 0.1 | H5: =G5*F5 -> 0.099381 | I5: =1-AVERAGEIF('Bad Data'!$C:$C, Overview!I$2, 'Bad Data'!$D:$D) -> 0.9934375 | J5: 0.1 | K5: =J5*I5 -> 0.09934375
A6: 3 | B6: Pengkinian Data | C6: =AVERAGEIF('Pengkinian Data'!$C:$C, Overview!C$2, 'Pengkinian Data'!$D:$D) -> 0.82072727 | D6: 0.1 | E6: =D6*C6 -> 0.082072727 | F6: =AVERAGEIF('Pengkinian Data'!$C:$C, Overview!F$2, 'Pengkinian Data'!$D:$D) -> 0.84215385 | G6: 0.1 | H6: =G6*F6 -> 0.084215385 | I6: =AVERAGEIF('Pengkinian Data'!$C:$C, Overview!I$2, 'Pengkinian Data'!$D:$D) -> 0.8402875 | J6: 0.1 | K6: =J6*I6 -> 0.08402875 | R6: .
A7: 4 | B7: Uji Petik | C7: {=IFERROR(SUMPRODUCT(--('[3]Uji Petik'!$E$3:$E$73<>""), --('[3]Uji Petik'!$C$3:$C$73=C2)) / SUMPRODUCT(--('[3]Uji Petik'!$C$3:$C$73=C2)), 0)} -> 0 | D7: 0 | E7: =D7*C7 -> 0 | F7: {=IFERROR(SUMPRODUCT(--('[3]Uji Petik'!$E$3:$E$73<>""), --('[3]Uji Petik'!$C$3:$C$73=F2)) / SUMPRODUCT(--('[3]Uji Petik'!$C$3:$C$73=F2)), 0)} -> 0 | G7: 0 | H7: =G7*F7 -> 0 | I7: {=IFERROR(SUMPRODUCT(--('[3]Uji Petik'!$E$3:$E$73<>""), --('[3]Uji Petik'!$C$3:$C$73=I2)) / SUMPRODUCT(--('[3]Uji Petik'!$C$3:$C$73=I2)), 0)} -> 0 | J7: 0 | K7: =J7*I7 -> 0
A8: 5 | B8: Sosialisasi | C8: {=IFERROR(AVERAGE(IF([1]Sosialisasi!$C$1:$C$10000=C2, [1]Sosialisasi!$D$1:$D$10000)), 0)} -> 0.27272727 | D8: 0.15 | E8: =D8*C8 -> 0.040909091 | F8: {=IFERROR(AVERAGE(IF([1]Sosialisasi!$C$1:$C$10000=F2, [1]Sosialisasi!$D$1:$D$10000)), 0)} -> 0.23076923 | G8: 0.15 | H8: =G8*F8 -> 0.034615385 | I8: {=IFERROR(AVERAGE(IF([1]Sosialisasi!$C$1:$C$10000=I2, [1]Sosialisasi!$D$1:$D$10000)), 0)} -> 0.25 | J8: 0.15 | K8: =J8*I8 -> 0.0375
A9: 6 | B9: EDD | C9: =AVERAGEIF('EDD PEP PPATK'!$C:$C, Overview!C$2, 'EDD PEP PPATK'!$D:$D) -> 1 | D9: 0.1 | E9: =D9*C9 -> 0.1 | F9: =AVERAGEIF('EDD PEP PPATK'!$C:$C, Overview!F$2, 'EDD PEP PPATK'!$D:$D) -> 0.99540476 | G9: 0.1 | H9: =G9*F9 -> 0.099540476 | I9: =AVERAGEIF('EDD PEP PPATK'!$C:$C, Overview!I$2, 'EDD PEP PPATK'!$D:$D) -> 0.99934896 | J9: 0.1 | K9: =J9*I9 -> 0.099934896
A10: 7 | B10: Self Learning Keikutsertaan | C10: {=IF(IFERROR(AVERAGE(IF('[1]Sheet2 (2)'!$C$1:$C$10000=C$2, '[1]Sheet2 (2)'!$D$1:$D$10000)), 0)>0.9, 1, IFERROR(AVERAGE(IF('[1]Sheet2 (2)'!$C$1:$C$10000=C$2, '[1]Sheet2 (2)'!$D$1:$D$10000)), 0))} -> 0.83950262 | D10: 0.05 | E10: =D10*C10 -> 0.041975131 | F10: {=IF(IFERROR(AVERAGE(IF('[1]Sheet2 (2)'!$C$1:$C$10000=F$2, '[1]Sheet2 (2)'!$D$1:$D$10000)), 0)>0.9, 1, IFERROR(AVERAGE(IF('[1]Sheet2 (2)'!$C$1:$C$10000=F$2, '[1]Sheet2 (2)'!$D$1:$D$10000)), 0))} -> 0.83664681 | G10: 0.05 | H10: =G10*F10 -> 0.041832341 | I10: {=IF(IFERROR(AVERAGE(IF('[1]Sheet2 (2)'!$C$1:$C$10000=I$2, '[1]Sheet2 (2)'!$D$1:$D$10000)), 0)>0.9, 1, IFERROR(AVERAGE(IF('[1]Sheet2 (2)'!$C$1:$C$10000=I$2, '[1]Sheet2 (2)'!$D$1:$D$10000)), 0))} -> 1 | J10: 0.05 | K10: =J10*I10 -> 0.05
A11: 8 | B11: Self Learning Score | C11: {=IF(IFERROR(AVERAGE(IF('[1]Sheet2 (3)'!$C$1:$C$10000=C2, '[1]Sheet2 (3)'!$D$1:$D$10000)), 0)>90, 1, IFERROR(AVERAGE(IF('[1]Sheet2 (3)'!$C$1:$C$10000=C2, '[1]Sheet2 (3)'!$D$1:$D$10000)), 0)/90)} -> 1 | D11: 0.05 | E11: =D11*C11 -> 0.05 | F11: {=IF(IFERROR(AVERAGE(IF('[1]Sheet2 (3)'!$C$1:$C$10000=F2, '[1]Sheet2 (3)'!$D$1:$D$10000)), 0)>90, 1, IFERROR(AVERAGE(IF('[1]Sheet2 (3)'!$C$1:$C$10000=F2, '[1]Sheet2 (3)'!$D$1:$D$10000)), 0)/90)} -> 1 | G11: 0.05 | H11: =G11*F11 -> 0.05 | I11: {=IF(IFERROR(AVERAGE(IF('[1]Sheet2 (3)'!$C$1:$C$10000=I2, '[1]Sheet2 (3)'!$D$1:$D$10000)), 0)>90, 1, IFERROR(AVERAGE(IF('[1]Sheet2 (3)'!$C$1:$C$10000=I2, '[1]Sheet2 (3)'!$D$1:$D$10000)), 0)/90)} -> 1 | J11: 0.05 | K11: =J11*I11 -> 0.05
A12: 9 | B12: Maturitas | C12: =IF(AVERAGEIF('Nilai Maturitas'!$C:$C, Overview!C2, 'Nilai Maturitas'!$D:$D) > 8, 110%, AVERAGEIF('Nilai Maturitas'!$C:$C, Overview!C2, 'Nilai Maturitas'!$D:$D)/8*100%) -> 1.1 | D12: 0.1 | E12: =D12*C12 -> 0.11 | F12: =IF(AVERAGEIF('Nilai Maturitas'!$C:$C, Overview!F2, 'Nilai Maturitas'!$D:$D) > 8, 110%, AVERAGEIF('Nilai Maturitas'!$C:$C, Overview!F2, 'Nilai Maturitas'!$D:$D)/8*100%) -> 1.1 | G12: 0.1 | H12: =G12*F12 -> 0.11 | I12: =IF(AVERAGEIF('Nilai Maturitas'!$C:$C, Overview!I2, 'Nilai Maturitas'!$D:$D) > 8, 110%, AVERAGEIF('Nilai Maturitas'!$C:$C, Overview!I2, 'Nilai Maturitas'!$D:$D)/8*100%) -> 1.1 | J12: 0.1 | K12: =J12*I12 -> 0.11
A13: 10 | B13: Maturitas Dashboard | C13: =IF(AVERAGEIF('Maturitas Dashboard'!$C:$C, Overview!C$2, 'Maturitas Dashboard'!$D:$D) > 8, 110%, AVERAGEIF('Maturitas Dashboard'!$C:$C, Overview!C$2, 'Maturitas Dashboard'!$D:$D)/8*100%) -> 0.95880682 | D13: 0.1 | E13: =D13*C13 -> 0.095880682 | F13: =IF(AVERAGEIF('Maturitas Dashboard'!$C:$C, Overview!F$2, 'Maturitas Dashboard'!$D:$D) > 8, 110%, AVERAGEIF('Maturitas Dashboard'!$C:$C, Overview!F$2, 'Maturitas Dashboard'!$D:$D)/8*100%) -> 0.95673077 | G13: 0.1 | H13: =G13*F13 -> 0.095673077 | I13: =IF(AVERAGEIF('Maturitas Dashboard'!$C:$C, Overview!I$2, 'Maturitas Dashboard'!$D:$D) > 8, 110%, AVERAGEIF('Maturitas Dashboard'!$C:$C, Overview!I$2, 'Maturitas Dashboard'!$D:$D)/8*100%) -> 0.97070312 | J13: 0.1 | K13: =J13*I13 -> 0.097070313
A14: 11 | B14: Penilaian Resiko | C14: =IF(AVERAGEIF('Penilaian Resiko'!$C:$C, Overview!C$2, 'Penilaian Resiko'!$D:$D) < 5.8, 110%, IF(AVERAGEIF('Penilaian Resiko'!$C:$C, Overview!C$2, 'Penilaian Resiko'!$D:$D) <7.4, 3/4*100%, 3/5*100%)) -> 1.1 | D14: 0.1 | E14: =D14*C14 -> 0.11 | F14: =IF(AVERAGEIF('Penilaian Resiko'!$C:$C, Overview!F$2, 'Penilaian Resiko'!$D:$D) < 5.8, 110%, IF(AVERAGEIF('Penilaian Resiko'!$C:$C, Overview!F$2, 'Penilaian Resiko'!$D:$D) <7.4, 3/4*100%, 3/5*100%)) -> 1.1 | G14: 0.1 | H14: =G14*F14 -> 0.11 | I14: =IF(AVERAGEIF('Penilaian Resiko'!$C:$C, Overview!I$2, 'Penilaian Resiko'!$D:$D) < 5.8, 110%, IF(AVERAGEIF('Penilaian Resiko'!$C:$C, Overview!I$2, 'Penilaian Resiko'!$D:$D) <7.4, 3/4*100%, 3/5*100%)) -> 1.1 | J14: 0.1 | K14: =J14*I14 -> 0.11
C15: Progress | E15: =SUM(E4:E14) -> 0.74896572 | F15: Progress | H15: =SUM(H4:H14) -> 0.87525766 | I15: Progress | K15: =SUM(K4:K14) -> 0.86912771

Sheet Overview KPI
A2: No | B2: Aspek Penilaian | C2: Dewa Nyoman Wedana | F2: I Made Budiartha | I2: Ida Bagus Pidada Manuaba
C3: Nilai | D3: Bobotan | E3: Score | F3: Nilai | G3: Bobotan | H3: Score | I3: Nilai | J3: Bobotan | K3: Score
A4: 1 | B4: STR | C4: =IFERROR(COUNTIFS(STR!$V:$V, 'Overview KPI'!C$2, STR!$X:$X, "TRUE")/COUNTIFS(STR!$V:$V, 'Overview KPI'!C2), 0) -> 0.125 | D4: 0.05 | E4: =D4*C4 -> 0.00625 | F4: =IFERROR(COUNTIFS(STR!$V:$V, 'Overview KPI'!F$2, STR!$X:$X, "TRUE")/COUNTIFS(STR!$V:$V, 'Overview KPI'!F2), 0) -> 1 | G4: 0.05 | H4: =G4*F4 -> 0.05 | I4: =IFERROR(COUNTIFS(STR!$V:$V, 'Overview KPI'!I$2, STR!$X:$X, "TRUE")/COUNTIFS(STR!$V:$V, 'Overview KPI'!I2), 0) -> 0.875 | J4: 0.05 | K4: =J4*I4 -> 0.04375
A5: 2 | B5: Kualitas STR | C5: =IFERROR(AVERAGEIF(STR!$V:$V, 'Overview KPI'!C2, STR!$Y:$Y), 0)/4 -> 0.61383929 | D5: 0.15 | E5: =D5*C5 -> 0.092075893 | F5: =IFERROR(AVERAGEIF(STR!$V:$V, 'Overview KPI'!F2, STR!$Y:$Y), 0)/4 -> 0.7671875 | G5: 0.15 | H5: =G5*F5 -> 0.11507812 | I5: =IFERROR(AVERAGEIF(STR!$V:$V, 'Overview KPI'!I2, STR!$Y:$Y), 0)/4 -> 0 | J5: 0.15 | K5: =J5*I5 -> 0
A6: 3 | B6: Bad Data | C6: =1-AVERAGEIF('Bad Data'!$C:$C, 'Overview KPI'!C$2, 'Bad Data'!$D:$D) -> 0.99378091 | D6: 0.1 | E6: =D6*C6 -> 0.099378091 | F6: =1-AVERAGEIF('Bad Data'!$C:$C, 'Overview KPI'!F$2, 'Bad Data'!$D:$D) -> 0.99381 | G6: 0.1 | H6: =G6*F6 -> 0.099381 | I6: =1-AVERAGEIF('Bad Data'!$C:$C, 'Overview KPI'!I$2, 'Bad Data'!$D:$D) -> 0.9934375 | J6: 0.1 | K6: =J6*I6 -> 0.09934375
A7: 4 | B7: Pengkinian Data | C7: =AVERAGEIF('Pengkinian Data'!$C:$C, 'Overview KPI'!C$2, 'Pengkinian Data'!$D:$D) -> 0.82072727 | D7: 0.1 | E7: =D7*C7 -> 0.082072727 | F7: =AVERAGEIF('Pengkinian Data'!$C:$C, 'Overview KPI'!F$2, 'Pengkinian Data'!$D:$D) -> 0.84215385 | G7: 0.1 | H7: =G7*F7 -> 0.084215385 | I7: =AVERAGEIF('Pengkinian Data'!$C:$C, 'Overview KPI'!I$2, 'Pengkinian Data'!$D:$D) -> 0.8402875 | J7: 0.1 | K7: =J7*I7 -> 0.08402875 | O7: .
A8: 5 | B8: Uji Petik | C8: {=IFERROR(SUMPRODUCT(--('[3]Uji Petik'!$E$3:$E$73<>""), --('[3]Uji Petik'!$C$3:$C$73=C3)) / SUMPRODUCT(--('[3]Uji Petik'!$C$3:$C$73=C3)), 0)} -> 0 | D8: 0.075 | E8: =D8*C8 -> 0 | F8: {=IFERROR(SUMPRODUCT(--('[3]Uji Petik'!$E$3:$E$73<>""), --('[3]Uji Petik'!$C$3:$C$73=F3)) / SUMPRODUCT(--('[3]Uji Petik'!$C$3:$C$73=F3)), 0)} -> 0 | G8: 0.075 | H8: =G8*F8 -> 0 | I8: {=IFERROR(SUMPRODUCT(--('[3]Uji Petik'!$E$3:$E$73<>""), --('[3]Uji Petik'!$C$3:$C$73=I3)) / SUMPRODUCT(--('[3]Uji Petik'!$C$3:$C$73=I3)), 0)} -> 0 | J8: 0.075 | K8: =J8*I8 -> 0
A9: 6 | B9: Sosialisasi | C9: {=IFERROR(AVERAGE(IF([1]Sosialisasi!$C$1:$C$10000=C2, [1]Sosialisasi!$D$1:$D$10000)), 0)} -> 0.27272727 | D9: 0.075 | E9: =D9*C9 -> 0.020454545 | F9: {=IFERROR(AVERAGE(IF([1]Sosialisasi!$C$1:$C$10000=F2, [1]Sosialisasi!$D$1:$D$10000)), 0)} -> 0.23076923 | G9: 0.075 | H9: =G9*F9 -> 0.017307692 | I9: {=IFERROR(AVERAGE(IF([1]Sosialisasi!$C$1:$C$10000=I2, [1]Sosialisasi!$D$1:$D$10000)), 0)} -> 0.25 | J9: 0.075 | K9: =J9*I9 -> 0.01875
A10: 7 | B10: EDD | C10: =AVERAGEIF('EDD PEP PPATK'!$C:$C, 'Overview KPI'!C$2, 'EDD PEP PPATK'!$D:$D) -> 1 | D10: 0.1 | E10: =D10*C10 -> 0.1 | F10: =AVERAGEIF('EDD PEP PPATK'!$C:$C, 'Overview KPI'!F$2, 'EDD PEP PPATK'!$D:$D) -> 0.99540476 | G10: 0.1 | H10: =G10*F10 -> 0.099540476 | I10: =AVERAGEIF('EDD PEP PPATK'!$C:$C, 'Overview KPI'!I$2, 'EDD PEP PPATK'!$D:$D) -> 0.99934896 | J10: 0.1 | K10: =J10*I10 -> 0.099934896
A11: 8 | B11: Self Learning Keikutsertaan | C11: {=IF(IFERROR(AVERAGE(IF('[1]Sheet2 (2)'!$C$1:$C$10000=C$2, '[1]Sheet2 (2)'!$D$1:$D$10000)), 0)>0.9, 1, IFERROR(AVERAGE(IF('[1]Sheet2 (2)'!$C$1:$C$10000=C$2, '[1]Sheet2 (2)'!$D$1:$D$10000)), 0))} -> 0.83950262 | D11: 0.025 | E11: =D11*C11 -> 0.020987565 | F11: {=IF(IFERROR(AVERAGE(IF('[1]Sheet2 (2)'!$C$1:$C$10000=F$2, '[1]Sheet2 (2)'!$D$1:$D$10000)), 0)>0.9, 1, IFERROR(AVERAGE(IF('[1]Sheet2 (2)'!$C$1:$C$10000=F$2, '[1]Sheet2 (2)'!$D$1:$D$10000)), 0))} -> 0.83664681 | G11: 0.025 | H11: =G11*F11 -> 0.02091617 | I11: {=IF(IFERROR(AVERAGE(IF('[1]Sheet2 (2)'!$C$1:$C$10000=I$2, '[1]Sheet2 (2)'!$D$1:$D$10000)), 0)>0.9, 1, IFERROR(AVERAGE(IF('[1]Sheet2 (2)'!$C$1:$C$10000=I$2, '[1]Sheet2 (2)'!$D$1:$D$10000)), 0))} -> 1 | J11: 0.025 | K11: =J11*I11 -> 0.025
A12: 9 | B12: Self Learning Score | C12: {=IF(IFERROR(AVERAGE(IF('[1]Sheet2 (3)'!$C$1:$C$10000=C2, '[1]Sheet2 (3)'!$D$1:$D$10000)), 0)>90, 1, IFERROR(AVERAGE(IF('[1]Sheet2 (3)'!$C$1:$C$10000=C2, '[1]Sheet2 (3)'!$D$1:$D$10000)), 0)/90)} -> 1 | D12: 0.025 | E12: =D12*C12 -> 0.025 | F12: {=IF(IFERROR(AVERAGE(IF('[1]Sheet2 (3)'!$C$1:$C$10000=F2, '[1]Sheet2 (3)'!$D$1:$D$10000)), 0)>90, 1, IFERROR(AVERAGE(IF('[1]Sheet2 (3)'!$C$1:$C$10000=F2, '[1]Sheet2 (3)'!$D$1:$D$10000)), 0)/90)} -> 1 | G12: 0.025 | H12: =G12*F12 -> 0.025 | I12: {=IF(IFERROR(AVERAGE(IF('[1]Sheet2 (3)'!$C$1:$C$10000=I2, '[1]Sheet2 (3)'!$D$1:$D$10000)), 0)>90, 1, IFERROR(AVERAGE(IF('[1]Sheet2 (3)'!$C$1:$C$10000=I2, '[1]Sheet2 (3)'!$D$1:$D$10000)), 0)/90)} -> 1 | J12: 0.025 | K12: =J12*I12 -> 0.025
A13: 10 | B13: Maturitas | C13: =IF(AVERAGEIF('Nilai Maturitas'!$C:$C, 'Overview KPI'!C2, 'Nilai Maturitas'!$D:$D) > 8, 110%, AVERAGEIF('Nilai Maturitas'!$C:$C, 'Overview KPI'!C2, 'Nilai Maturitas'!$D:$D)/8*100%) -> 1.1 | D13: 0.1 | E13: =D13*C13 -> 0.11 | F13: =IF(AVERAGEIF('Nilai Maturitas'!$C:$C, 'Overview KPI'!F2, 'Nilai Maturitas'!$D:$D) > 8, 110%, AVERAGEIF('Nilai Maturitas'!$C:$C, 'Overview KPI'!F2, 'Nilai Maturitas'!$D:$D)/8*100%) -> 1.1 | G13: 0.1 | H13: =G13*F13 -> 0.11 | I13: =IF(AVERAGEIF('Nilai Maturitas'!$C:$C, 'Overview KPI'!I2, 'Nilai Maturitas'!$D:$D) > 8, 110%, AVERAGEIF('Nilai Maturitas'!$C:$C, 'Overview KPI'!I2, 'Nilai Maturitas'!$D:$D)/8*100%) -> 1.1 | J13: 0.1 | K13: =J13*I13 -> 0.11
A14: 11 | B14: Maturitas Dashboard | C14: =IF(AVERAGEIF('Maturitas Dashboard'!$C:$C, 'Overview KPI'!C$2, 'Maturitas Dashboard'!$D:$D) > 8, 110%, AVERAGEIF('Maturitas Dashboard'!$C:$C, 'Overview KPI'!C$2, 'Maturitas Dashboard'!$D:$D)/8*100%) -> 0.95880682 | D14: 0.1 | E14: =D14*C14 -> 0.095880682 | F14: =IF(AVERAGEIF('Maturitas Dashboard'!$C:$C, 'Overview KPI'!F$2, 'Maturitas Dashboard'!$D:$D) > 8, 110%, AVERAGEIF('Maturitas Dashboard'!$C:$C, 'Overview KPI'!F$2, 'Maturitas Dashboard'!$D:$D)/8*100%) -> 0.95673077 | G14: 0.1 | H14: =G14*F14 -> 0.095673077 | I14: =IF(AVERAGEIF('Maturitas Dashboard'!$C:$C, 'Overview KPI'!I$2, 'Maturitas Dashboard'!$D:$D) > 8, 110%, AVERAGEIF('Maturitas Dashboard'!$C:$C, 'Overview KPI'!I$2, 'Maturitas Dashboard'!$D:$D)/8*100%) -> 0.97070312 | J14: 0.1 | K14: =J14*I14 -> 0.097070313
A15: 12 | B15: Penilaian Resiko | C15: =IF(AVERAGEIF('Penilaian Resiko'!$C:$C, 'Overview KPI'!C$2, 'Penilaian Resiko'!$D:$D) < 5.8, 110%, IF(AVERAGEIF('Penilaian Resiko'!$C:$C, 'Overview KPI'!C$2, 'Penilaian Resiko'!$D:$D) <7.4, 3/4*100%, 3/5*100%)) -> 1.1 | D15: 0.1 | E15: =D15*C15 -> 0.11 | F15: =IF(AVERAGEIF('Penilaian Resiko'!$C:$C, 'Overview KPI'!F$2, 'Penilaian Resiko'!$D:$D) < 5.8, 110%, IF(AVERAGEIF('Penilaian Resiko'!$C:$C, 'Overview KPI'!F$2, 'Penilaian Resiko'!$D:$D) <7.4, 3/4*100%, 3/5*100%)) -> 1.1 | G15: 0.1 | H15: =G15*F15 -> 0.11 | I15: =IF(AVERAGEIF('Penilaian Resiko'!$C:$C, 'Overview KPI'!I$2, 'Penilaian Resiko'!$D:$D) < 5.8, 110%, IF(AVERAGEIF('Penilaian Resiko'!$C:$C, 'Overview KPI'!I$2, 'Penilaian Resiko'!$D:$D) <7.4, 3/4*100%, 3/5*100%)) -> 1.1 | J15: 0.1 | K15: =J15*I15 -> 0.11
C16: Progress | E16: =SUM(E4:E15) -> 0.7620995 | F16: Progress | H16: =SUM(H4:H15) -> 0.82711193 | I16: Progress | K16: =SUM(K4:K15) -> 0.71287771

Sheet Overview tanpa KPI
A2: No | B2: Aspek Penilaian | C2: Dewa Nyoman Wedana | F2: I Made Budiartha | I2: Ida Bagus Pidada Manuaba
C3: Nilai | D3: Bobotan | E3: Score | F3: Nilai | G3: Bobotan | H3: Score | I3: Nilai | J3: Bobotan | K3: Score
A4: 1 | B4: STR | C4: =IFERROR(COUNTIFS(STR!$V:$V, 'Overview tanpa KPI'!C$2, STR!$X:$X, "TRUE")/COUNTIFS(STR!$V:$V, 'Overview tanpa KPI'!C2), 0) -> 0.125 | D4: 0.15 | E4: =D4*C4 -> 0.01875 | F4: =IFERROR(COUNTIFS(STR!$V:$V, 'Overview tanpa KPI'!F$2, STR!$X:$X, "TRUE")/COUNTIFS(STR!$V:$V, 'Overview tanpa KPI'!F2), 0) -> 1 | G4: 0.15 | H4: =G4*F4 -> 0.15 | I4: =IFERROR(COUNTIFS(STR!$V:$V, 'Overview tanpa KPI'!I$2, STR!$X:$X, "TRUE")/COUNTIFS(STR!$V:$V, 'Overview tanpa KPI'!I2), 0) -> 0.875 | J4: 0.15 | K4: =J4*I4 -> 0.13125
A5: 2 | B5: Bad Data | C5: =1-AVERAGEIF('Bad Data'!$C:$C, 'Overview tanpa KPI'!C$2, 'Bad Data'!$D:$D) -> 0.99378091 | D5: 0.1 | E5: =D5*C5 -> 0.099378091 | F5: =1-AVERAGEIF('Bad Data'!$C:$C, 'Overview tanpa KPI'!F$2, 'Bad Data'!$D:$D) -> 0.99381 | G5: 0.1 | H5: =G5*F5 -> 0.099381 | I5: =1-AVERAGEIF('Bad Data'!$C:$C, 'Overview tanpa KPI'!I$2, 'Bad Data'!$D:$D) -> 0.9934375 | J5: 0.1 | K5: =J5*I5 -> 0.09934375
A6: 3 | B6: Pengkinian Data | C6: =AVERAGEIF('Pengkinian Data'!$C:$C, 'Overview tanpa KPI'!C$2, 'Pengkinian Data'!$D:$D) -> 0.82072727 | D6: 0.1 | E6: =D6*C6 -> 0.082072727 | F6: =AVERAGEIF('Pengkinian Data'!$C:$C, 'Overview tanpa KPI'!F$2, 'Pengkinian Data'!$D:$D) -> 0.84215385 | G6: 0.1 | H6: =G6*F6 -> 0.084215385 | I6: =AVERAGEIF('Pengkinian Data'!$C:$C, 'Overview tanpa KPI'!I$2, 'Pengkinian Data'!$D:$D) -> 0.8402875 | J6: 0.1 | K6: =J6*I6 -> 0.08402875 | R6: .
A7: 4 | B7: Uji Petik | C7: {=IFERROR(SUMPRODUCT(--('[3]Uji Petik'!$E$3:$E$73<>""), --('[3]Uji Petik'!$C$3:$C$73=C2)) / SUMPRODUCT(--('[3]Uji Petik'!$C$3:$C$73=C2)), 0)} -> 0 | D7: 0 | E7: =D7*C7 -> 0 | F7: {=IFERROR(SUMPRODUCT(--('[3]Uji Petik'!$E$3:$E$73<>""), --('[3]Uji Petik'!$C$3:$C$73=F2)) / SUMPRODUCT(--('[3]Uji Petik'!$C$3:$C$73=F2)), 0)} -> 0 | G7: 0 | H7: =G7*F7 -> 0 | I7: {=IFERROR(SUMPRODUCT(--('[3]Uji Petik'!$E$3:$E$73<>""), --('[3]Uji Petik'!$C$3:$C$73=I2)) / SUMPRODUCT(--('[3]Uji Petik'!$C$3:$C$73=I2)), 0)} -> 0 | J7: 0 | K7: =J7*I7 -> 0
A8: 5 | B8: Sosialisasi | C8: {=IFERROR(AVERAGE(IF([1]Sosialisasi!$C$1:$C$10000=C2, [1]Sosialisasi!$D$1:$D$10000)), 0)} -> 0.27272727 | D8: 0.15 | E8: =D8*C8 -> 0.040909091 | F8: {=IFERROR(AVERAGE(IF([1]Sosialisasi!$C$1:$C$10000=F2, [1]Sosialisasi!$D$1:$D$10000)), 0)} -> 0.23076923 | G8: 0.15 | H8: =G8*F8 -> 0.034615385 | I8: {=IFERROR(AVERAGE(IF([1]Sosialisasi!$C$1:$C$10000=I2, [1]Sosialisasi!$D$1:$D$10000)), 0)} -> 0.25 | J8: 0.15 | K8: =J8*I8 -> 0.0375
A9: 6 | B9: EDD | C9: =AVERAGEIF('EDD PEP PPATK'!$C:$C, 'Overview tanpa KPI'!C$2, 'EDD PEP PPATK'!$D:$D) -> 1 | D9: 0.1 | E9: =D9*C9 -> 0.1 | F9: =AVERAGEIF('EDD PEP PPATK'!$C:$C, 'Overview tanpa KPI'!F$2, 'EDD PEP PPATK'!$D:$D) -> 0.99540476 | G9: 0.1 | H9: =G9*F9 -> 0.099540476 | I9: =AVERAGEIF('EDD PEP PPATK'!$C:$C, 'Overview tanpa KPI'!I$2, 'EDD PEP PPATK'!$D:$D) -> 0.99934896 | J9: 0.1 | K9: =J9*I9 -> 0.099934896
A10: 7 | B10: Self Learning Keikutsertaan | C10: {=IFERROR(AVERAGE(IF('[1]Sheet2 (2)'!$C$1:$C$10000=C$2, '[1]Sheet2 (2)'!$D$1:$D$10000)), 0)} -> 0.83950262 | D10: 0.05 | E10: =D10*C10 -> 0.041975131 | F10: {=IFERROR(AVERAGE(IF('[1]Sheet2 (2)'!$C$1:$C$10000=F$2, '[1]Sheet2 (2)'!$D$1:$D$10000)), 0)} -> 0.83664681 | G10: 0.05 | H10: =G10*F10 -> 0.041832341 | I10: {=IFERROR(AVERAGE(IF('[1]Sheet2 (2)'!$C$1:$C$10000=I$2, '[1]Sheet2 (2)'!$D$1:$D$10000)), 0)} -> 0.90374986 | J10: 0.05 | K10: =J10*I10 -> 0.045187493
A11: 8 | B11: Self Learning Score | C11: {=IFERROR(AVERAGE(IF('[1]Sheet2 (3)'!$C$1:$C$10000=C2, '[1]Sheet2 (3)'!$D$1:$D$10000)), 0)} -> 97.781021 | D11: 0.05 | E11: =D11*C11 -> 4.8890511 | F11: {=IFERROR(AVERAGE(IF('[1]Sheet2 (3)'!$C$1:$C$10000=F2, '[1]Sheet2 (3)'!$D$1:$D$10000)), 0)} -> 96.847784 | G11: 0.05 | H11: =G11*F11 -> 4.8423892 | I11: {=IFERROR(AVERAGE(IF('[1]Sheet2 (3)'!$C$1:$C$10000=I2, '[1]Sheet2 (3)'!$D$1:$D$10000)), 0)} -> 97.556771 | J11: 0.05 | K11: =J11*I11 -> 4.8778386
A12: 9 | B12: Maturitas | C12: =AVERAGEIF('Nilai Maturitas'!$C:$C, 'Overview tanpa KPI'!C2, 'Nilai Maturitas'!$D:$D) -> 8.3649256 | D12: 0.1 | E12: =D12*C12 -> 0.83649256 | F12: =AVERAGEIF('Nilai Maturitas'!$C:$C, 'Overview tanpa KPI'!F2, 'Nilai Maturitas'!$D:$D) -> 8.1833122 | G12: 0.1 | H12: =G12*F12 -> 0.81833122 | I12: =AVERAGEIF('Nilai Maturitas'!$C:$C, 'Overview tanpa KPI'!I2, 'Nilai Maturitas'!$D:$D) -> 8.4125952 | J12: 0.1 | K12: =J12*I12 -> 0.84125952
A13: 10 | B13: Maturitas Dashboard | C13: =AVERAGEIF('Maturitas Dashboard'!$C:$C, 'Overview tanpa KPI'!C$2, 'Maturitas Dashboard'!$D:$D) -> 7.6704545 | D13: 0.1 | E13: =D13*C13 -> 0.76704545 | F13: =AVERAGEIF('Maturitas Dashboard'!$C:$C, 'Overview tanpa KPI'!F$2, 'Maturitas Dashboard'!$D:$D) -> 7.6538462 | G13: 0.1 | H13: =G13*F13 -> 0.76538462 | I13: =AVERAGEIF('Maturitas Dashboard'!$C:$C, 'Overview tanpa KPI'!I$2, 'Maturitas Dashboard'!$D:$D) -> 7.765625 | J13: 0.1 | K13: =J13*I13 -> 0.7765625
A14: 11 | B14: Penilaian Resiko | C14: =AVERAGEIF('Penilaian Resiko'!$C:$C, 'Overview tanpa KPI'!C$2, 'Penilaian Resiko'!$D:$D) -> 5.2774631 | D14: 0.1 | E14: =D14*C14 -> 0.52774631 | F14: =AVERAGEIF('Penilaian Resiko'!$C:$C, 'Overview tanpa KPI'!F$2, 'Penilaian Resiko'!$D:$D) -> 5.0043059 | G14: 0.1 | H14: =G14*F14 -> 0.50043059 | I14: =AVERAGEIF('Penilaian Resiko'!$C:$C, 'Overview tanpa KPI'!I$2, 'Penilaian Resiko'!$D:$D) -> 5.0944106 | J14: 0.1 | K14: =J14*I14 -> 0.50944106
C15: Progress | E15: =SUM(E4:E14) -> 7.4034204 | F15: Progress | H15: =SUM(H4:H14) -> 7.4361202 | I15: Progress | K15: =SUM(K4:K14) -> 7.5023465
