Workbook
Name BO: #REF!
Name Medan: #REF!
Name Padang: #REF!
Name Palembang: #REF!
Name Pekanbaru: #REF!
Name RO: #REF!

Sheet STR
A1: POSISI | B1: NAMA | C1: CIF | D1: No Rek/ Kartu Kredit | E1: RESIKO | F1: BRILINK | G1: STATUS PEKERJA | H1: DIGITAL SAVING | I1: SKENARIO | J1: SCORING | K1: INFO PARAM | L1: KATEGORI | M1: UNIT KERJA | N1: KANTOR CABANG | O1: KANTOR KANWIL | P1: REKOMENDASI UKER | Q1: REKOMENDASI UKK | R1: STATUS UKER | S1: STATUS | T1: DISPOSISI | U1: INFO LAINNYA | V1: Disposisi RAC | W1: Tanggal | X1: Status TL
A2: {=_xlfn._xlws.FILTER('[2]STR-2026-8-2026-8'!$A:$U, ISNUMBER(SEARCH("Pekanbaru", '[2]STR-2026-8-2026-8'!$O:$O)), "")} -> 46265 | B2: BATAM CAHAYA ASIA | C2: BY21008 | D2: 65901000544300 | E2: TINGGI | F2: Tidak | G2: Tidak | H2: Tidak | I2: Perpajakan | J2: 65 | K2: 1.33 | L2: Perpajakan | M2: KCP AVIARI | N2: KC Batam Center | O2: KANWIL PEKANBARU | P2: 0 | Q2: 0 | R2: Belum TL | S2: Belum TL | T2: 90185537 - Moh.Khoerul Fajar Ar | U2: "-" | V2: Reifika Dekrin | W2: 15/09/2026 | X2: =IF([3]STR!X2= TRUE, TRUE, FALSE) -> TRUE | Y2: =_xlfn.XLOOKUP(TRIM(B19), [4]STR!$2:$2, [4]STR!$44:$44, "") | Z2: Reifika Dekrin | AA2: TL Done | AB2: =COUNTIFS($V:$V, Z2, X:X, "TRUE") -> 5 | AC2: =_xlfn.XLOOKUP(TRIM(B2), [5]STR!$2:$2, [5]STR!$44:$44, "")
A3: 46265 | B3: CHARLES TOGATOROP | C3: C977595 | D3: 61901001095302 | E3: TINGGI | F3: Tidak | G3: Tidak | H3: Tidak | I3: Perpajakan | J3: 73 | K3: 1.33 | L3: Perpajakan | M3: KC Bagan Batu | N3: KC Bagan Batu | O3: KANWIL PEKANBARU | P3: 0 | Q3: 0 | R3: Belum TL | S3: Belum TL | T3: 00336949 - Mochammad Al Farabi | U3: "-" | V3: Reifika Dekrin | X3: =IF([3]STR!X3= TRUE, TRUE, FALSE) -> FALSE | AA3: Total Diposisi | AB3: =COUNTIF(V:V,Z2) -> 11 | AC3: =_xlfn.XLOOKUP(TRIM(B3), [5]STR!$2:$2, [5]STR!$44:$44, "")
A4: 46265 | B4: DEDY | C4: DGUO090 | D4: 17501282828562 | E4: 0 | F4: Tidak | G4: Tidak | H4: 0 | I4: Jual Beli Rekening - E channel Trx | J4: 33 | K4: 113 | L4: Narkotika/Judi Online/Penipuan | M4: KC Tembilahan | N4: KC Tembilahan | O4: KANWIL PEKANBARU | P4: 0 | Q4: 0 | R4: Belum TL | S4: Belum TL | T4: 0 | U4: "-" | V4: Hany Pratiwi | X4: =IF([3]STR!X4= TRUE, TRUE, FALSE) -> FALSE | AA4: % Done | AB4: =AB2/AB3 -> 0.45454545 | AC4: =_xlfn.XLOOKUP(TRIM(B4), [5]STR!$2:$2, [5]STR!$44:$44, "")
A5: 46265 | B5: HARDANSYAH | C5: HJW7609 | D5: 552001000178305 | E5: SEDANG | F5: Ya | G5: Tidak | H5: Tidak | I5: Perpajakan | J5: 48 | K5: 1.33 | L5: Perpajakan | M5: UNIT CERENTI TELUK KUANTAN | N5: KC Teluk Kuantan | O5: KANWIL PEKANBARU | P5: 0 | Q5: 0 | R5: Belum TL | S5: Belum TL | T5: 00394520 - Frida Akbar Rani | U5: "-" | V5: Hany Pratiwi | X5: =IF([3]STR!X5= TRUE, TRUE, FALSE) -> FALSE | Z5: Hany Pratiwi | AA5: TL Done | AB5: =COUNTIFS($V:$V, Z5, X:X, "TRUE") -> 7 | AC5: =_xlfn.XLOOKUP(TRIM(B5), [5]STR!$2:$2, [5]STR!$44:$44, "")
A6: 46265 | B6: MASTER MIND TRADING | C6: MEDGP12 | D6: 62128000017304 | E6: 0 | F6: Tidak | G6: Tidak | H6: Tidak | I6: Business Email Compromise (BEC) | J6: 30 | K6: 94 | L6: Penipuan | M6: KC Batam Center | N6: KC Batam Center | O6: KANWIL PEKANBARU | P6: 0 | Q6: 0 | R6: Belum TL | S6: Belum TL | T6: 90186790 - Muhammad Alfin Farha | U6: "-" | V6: Hany Pratiwi | X6: =IF([3]STR!X6= TRUE, TRUE, FALSE) -> FALSE | AA6: Total Diposisi | AB6: =COUNTIF(V:V,Z5) -> 12 | AC6: =_xlfn.XLOOKUP(TRIM(B6), [5]STR!$2:$2, [5]STR!$44:$44, "")
A7: 46265 | B7: MITRA MULIA SENTOSA | C7: MVJW896 | D7: 15901002152303 | E7: SEDANG | F7: Tidak | G7: Tidak | H7: Tidak | I7: Perpajakan | J7: 50 | K7: 41 | L7: Perpajakan | M7: KC Dumai | N7: KC Dumai | O7: KANWIL PEKANBARU | P7: 0 | Q7: 0 | R7: Belum TL | S7: Belum TL | T7: 00394521 - Muhammad Hibbanduta | U7: "-" | V7: Reifika Dekrin | X7: =IF([3]STR!X7= TRUE, TRUE, FALSE) -> FALSE | AA7: % Done | AB7: =AB5/AB6 -> 0.58333333 | AC7: =_xlfn.XLOOKUP(TRIM(B7), [5]STR!$2:$2, [5]STR!$44:$44, "")
A8: 46265 | B8: NASARUDDIN | C8: N774376 | D8: 109901000475560 | E8: SEDANG | F8: Tidak | G8: Tidak | H8: Tidak | I8: Perpajakan | J8: 58 | K8: 1.33 | L8: Perpajakan | M8: KC Pasir Pengaraian | N8: KC Pasir Pengaraian | O8: KANWIL PEKANBARU | P8: 0 | Q8: 0 | R8: Belum TL | S8: Belum TL | T8: 90171841 - Rifqi Aziz | U8: "-" | V8: Reifika Dekrin | X8: =IF([3]STR!X8= TRUE, TRUE, FALSE) -> FALSE | AC8: =_xlfn.XLOOKUP(TRIM(B8), [5]STR!$2:$2, [5]STR!$44:$44, "")
A9: 46265 | B9: PT AWAL BROS CERIA CEMERLANG | C9: PLG2643 | D9: 107901001590309 | E9: SEDANG | F9: Tidak | G9: Tidak | H9: Tidak | I9: Perpajakan | J9: 51 | K9: 41 | L9: Perpajakan | M9: KC Pekanbaru Lancang Kuning | N9: KC Pekanbaru Lancang Kuning | O9: KANWIL PEKANBARU | P9: 0 | Q9: 0 | R9: Belum TL | S9: Belum TL | T9: 00394521 - Muhammad Hibbanduta | U9: "-" | V9: Hany Pratiwi | W9: 46274 | X9: =IF([3]STR!X9= TRUE, TRUE, FALSE) -> TRUE | AC9: =_xlfn.XLOOKUP(TRIM(B9), [5]STR!$2:$2, [5]STR!$44:$44, "")
A10: 46265 | B10: PT AWAL BROS HEALTHCARE | C10: POH7235 | D10: 107901004327569 | E10: 0 | F10: Tidak | G10: Tidak | H10: Tidak | I10: Perpajakan | J10: 35 | K10: 41 | L10: Perpajakan | M10: KC Pekanbaru Lancang Kuning | N10: KC Pekanbaru Lancang Kuning | O10: KANWIL PEKANBARU | P10: 0 | Q10: 0 | R10: Belum TL | S10: Belum TL | T10: 90186790 - Muhammad Alfin Farha | U10: "-" | V10: Hany Pratiwi | W10: 14/09/2026 | X10: =IF([3]STR!X10= TRUE, TRUE, FALSE) -> TRUE | AC10: =_xlfn.XLOOKUP(TRIM(B10), [5]STR!$2:$2, [5]STR!$44:$44, "")
A11: 46265 | B11: RUPAWAN ANUGERAH NUSANTARA INVESTAMA | C11: RQB9274 | D11: 107901001794563 | E11: TINGGI | F11: Tidak | G11: Tidak | H11: Tidak | I11: Perpajakan | J11: 63 | K11: 41 | L11: Perpajakan | M11: KC Pekanbaru Lancang Kuning | N11: KC Pekanbaru Lancang Kuning | O11: KANWIL PEKANBARU | P11: 0 | Q11: 0 | R11: Belum TL | S11: Belum TL | T11: 90170665 - Mutiara Ayuningtyas | U11: "-" | V11: Reifika Dekrin | X11: =IF([3]STR!X11= TRUE, TRUE, FALSE) -> FALSE | AC11: =_xlfn.XLOOKUP(TRIM(B11), [5]STR!$2:$2, [5]STR!$44:$44, "")
A12: 46265 | B12: SAOR PARULIAN SAMOSIR | C12: SSCH544 | D12: 107901002180563 | E12: SEDANG | F12: Tidak | G12: Tidak | H12: Tidak | I12: Perpajakan | J12: 60 | K12: 1.33 | L12: Perpajakan | M12: KC Pekanbaru Lancang Kuning | N12: KC Pekanbaru Lancang Kuning | O12: KANWIL PEKANBARU | P12: 0 | Q12: 0 | R12: Belum TL | S12: Belum TL | T12: 90150130 - Intan Aida Pratiwi | U12: "-" | V12: Hany Pratiwi | X12: =IF([3]STR!X12= TRUE, TRUE, FALSE) -> FALSE | AC12: =_xlfn.XLOOKUP(TRIM(B12), [5]STR!$2:$2, [5]STR!$44:$44, "")
A13: 46265 | B13: YUSUF PARULIAN BARASA | C13: YPX0851 | D13: 56001018692536 | E13: 0 | F13: Tidak | G13: Tidak | H13: 0 | I13: Jual Beli Rekening - E channel Trx | J13: 33 | K13: 113 | L13: Narkotika/Judi Online/Penipuan | M13: KC Duri | N13: KC Duri | O13: KANWIL PEKANBARU | P13: 0 | Q13: 0 | R13: Belum TL | S13: Belum TL | T13: 0 | U13: "-" | V13: Reifika Dekrin | X13: =IF([3]STR!X13= TRUE, TRUE, FALSE) -> FALSE | AC13: =_xlfn.XLOOKUP(TRIM(B13), [5]STR!$2:$2, [5]STR!$44:$44, "")
A14: 46265 | B14: ZULKARNAIN | C14: ZS74488 | D14: 544401027370534 | E14: 0 | F14: Tidak | G14: Tidak | H14: 0 | I14: Jual Beli Rekening - E channel Trx | J14: 33 | K14: 113 | L14: Narkotika/Judi Online/Penipuan | M14: UNIT SUKAJADI DUMAI | N14: KC Dumai | O14: KANWIL PEKANBARU | P14: 0 | Q14: 0 | R14: Belum TL | S14: Belum TL | T14: 0 | U14: "-" | V14: Reifika Dekrin | X14: =IF([3]STR!X14= TRUE, TRUE, FALSE) -> FALSE | AC14: =_xlfn.XLOOKUP(TRIM(B14), [5]STR!$2:$2, [5]STR!$44:$44, "")
A15: 46265 | B15: M FACHROZI | C15: MCEJO80 | D15: 808901000018568 | E15: SEDANG | F15: Tidak | G15: Tidak | H15: Tidak | I15: Narkotika - Area Lapas | J15: 50 | K15: 46 | L15: Narkotika | M15: UNIT PALAPA TUANKU TAMBUSAI | N15: KC Pekanbaru Tuanku Tambusai | O15: KANWIL PEKANBARU | P15: Tidak | Q15: 0 | R15: Done | S15: Belum TL | T15: 90186796 - Devito Arya Wiradila | U15: "-" | V15: Hany Pratiwi | X15: =IF([3]STR!X15= TRUE, TRUE, FALSE) -> FALSE | AC15: =_xlfn.XLOOKUP(TRIM(B15), [5]STR!$2:$2, [5]STR!$44:$44, "")
A16: 46265 | B16: MULTI SARANA VALASINDO | C16: MBFAS39 | D16: 33101003407563 | E16: SEDANG | F16: Tidak | G16: Tidak | H16: Tidak | I16: Perpajakan | J16: 48 | K16: 1.33 | L16: Perpajakan | M16: KC Batam Nagoya | N16: KC Batam Nagoya | O16: KANWIL PEKANBARU | P16: Ya | Q16: Tidak | R16: Done | S16: Pending Checker | T16: 90170665 - Mutiara Ayuningtyas | U16: "-" | V16: Reifika Dekrin | W16: 31/08/2026 | X16: =IF([3]STR!X16= TRUE, TRUE, FALSE) -> TRUE | AC16: =_xlfn.XLOOKUP(TRIM(B16), [5]STR!$2:$2, [5]STR!$44:$44, "")
A17: 46265 | B17: EKO WIBOWO SAPUTRO | C17: EBG7867 | D17: 22701085351503 | E17: SEDANG | F17: Tidak | G17: Tidak | H17: Tidak | I17: Perikanan dan Kelautan | J17: 49 | K17: 101 | L17: Perikanan dan Kelautan | M17: UNIT PINANG KENCANA TANJUNG PI | N17: KC Tanjung Pinang | O17: KANWIL PEKANBARU | P17: Tidak | Q17: Tidak | R17: Done | S17: Approved | T17: 90185538 - Muhammad Fahikal Auz | U17: "-" | X17: =IF([3]STR!X17= TRUE, TRUE, FALSE) -> FALSE | Y17: Dikerjakan Kanpus, oleh Frida Akbar Rani | AC17: =_xlfn.XLOOKUP(TRIM(B17), [5]STR!$2:$2, [5]STR!$44:$44, "")
A18: 46265 | B18: BINSAR SITUMORANG | C18: B192951 | D18: 202601000758564 | E18: TINGGI | F18: Tidak | G18: Tidak | H18: Tidak | I18: Private or Priority Customer Investment | J18: 83 | K18: 93 | L18: Pasar Modal | M18: KC Pekanbaru Lancang Kuning | N18: KC Pekanbaru Lancang Kuning | O18: KANWIL PEKANBARU | P18: Tidak | Q18: Tidak | R18: Done | S18: Approved | T18: 00394520 - Frida Akbar Rani | U18: "-" | V18: Reifika Dekrin | W18: 24/08/2026 | X18: =IF([3]STR!X18= TRUE, TRUE, FALSE) -> TRUE | AC18: =_xlfn.XLOOKUP(TRIM(B18), [5]STR!$2:$2, [5]STR!$44:$44, "")
A19: 46265 | B19: BATAM SEHAT MADANI | C19: BGH1921 | D19: 65901000554305 | E19: SEDANG | F19: Tidak | G19: Tidak | H19: Tidak | I19: Perpajakan | J19: 50 | K19: 41 | L19: Perpajakan | M19: KCP AVIARI | N19: KC Batam Center | O19: KANWIL PEKANBARU | P19: Tidak | Q19: Tidak | R19: Done | S19: Approved | T19: 00336949 - Mochammad Al Farabi | U19: "-" | V19: Hany Pratiwi | W19: 31/08/2029 | X19: =IF([3]STR!X19= TRUE, TRUE, FALSE) -> TRUE | AC19: =_xlfn.XLOOKUP(TRIM(B19), [5]STR!$2:$2, [5]STR!$44:$44, "")
A20: 46265 | B20: CV PORSEA GRUP | C20: CP61911 | D20: 62001000802305 | E20: SEDANG | F20: Tidak | G20: Tidak | H20: Tidak | I20: Green Financial Crime (GFC) | J20: 50 | K20: 45 | L20: Green Financial Crime | M20: KC Ujung Batu | N20: KC Ujung Batu | O20: KANWIL PEKANBARU | P20: Tidak | Q20: Tidak | R20: Done | S20: Approved | T20: 00394520 - Frida Akbar Rani | U20: PEP :- | V20: Hany Pratiwi | W20: 31/08/2026 | X20: =IF([3]STR!X20= TRUE, TRUE, FALSE) -> TRUE | AC20: =_xlfn.XLOOKUP(TRIM(B20), [5]STR!$2:$2, [5]STR!$44:$44, "")
A21: 46265 | B21: PT PRIMA MAJU TRI KENCANA | C21: PDW9052 | D21: 61901000331307 | E21: SEDANG | F21: Tidak | G21: Tidak | H21: Tidak | I21: Perpajakan | J21: 50 | K21: 1.33 | L21: Perpajakan | M21: KC Bagan Batu | N21: KC Bagan Batu | O21: KANWIL PEKANBARU | P21: Tidak | Q21: Tidak | R21: Done | S21: Approved | T21: 90150130 - Intan Aida Pratiwi | U21: "-" | V21: Hany Pratiwi | W21: 26/08/2026 | X21: =IF([3]STR!X21= TRUE, TRUE, FALSE) -> TRUE | AC21: =_xlfn.XLOOKUP(TRIM(B21), [5]STR!$2:$2, [5]STR!$44:$44, "")
A22: 46265 | B22: PT ANDERSON UNEDO | C22: PEK8876 | D22: 107901000934306 | E22: TINGGI | F22: Tidak | G22: Tidak | H22: Tidak | I22: Green Financial Crime (GFC) | J22: 65 | K22: 45 | L22: Green Financial Crime | M22: KC Pekanbaru Lancang Kuning | N22: KC Pekanbaru Lancang Kuning | O22: KANWIL PEKANBARU | P22: Tidak | Q22: Tidak | R22: Done | S22: Approved | T22: 90186796 - Devito Arya Wiradila | U22: PEP :AWIYANTO | V22: Hany Pratiwi | W22: 21/08/2026 | X22: =IF([3]STR!X22= TRUE, TRUE, FALSE) -> TRUE | AC22: =_xlfn.XLOOKUP(TRIM(B22), [5]STR!$2:$2, [5]STR!$44:$44, "")
A23: 46265 | B23: NOFENDRA HARIADI | C23: NUZ1140 | D23: 66801034861503 | E23: SEDANG | F23: Tidak | G23: Tidak | H23: Tidak | I23: Narkotika - Area Lapas | J23: 60 | K23: 48 | L23: Narkotika | M23: KC Teluk Kuantan | N23: KC Teluk Kuantan | O23: KANWIL PEKANBARU | P23: Ya | Q23: Tidak | R23: Done | S23: Approved | T23: 90170665 - Mutiara Ayuningtyas | U23: "-" | X23: =IF([3]STR!X23= TRUE, TRUE, FALSE) -> FALSE | Y23: Dikerjakan Kanpus, oleh Frida Akbar Rani | AC23: =_xlfn.XLOOKUP(TRIM(B23), [5]STR!$2:$2, [5]STR!$44:$44, "")
A24: 46265 | B24: PT ZULFI JAYA CORP | C24: POP6831 | D24: 26801002470562 | E24: 0 | F24: Tidak | G24: Tidak | H24: Tidak | I24: Business Email Compromise (BEC) | J24: 30 | K24: 13 | L24: Penipuan | M24: KC Bangkinang | N24: KC Bangkinang | O24: KANWIL PEKANBARU | P24: Tidak | Q24: Tidak | R24: Done | S24: Approved | T24: 90186790 - Muhammad Alfin Farha | U24: "-" | V24: Reifika Dekrin | W24: 28/08/2026 | X24: =IF([3]STR!X24= TRUE, TRUE, FALSE) -> TRUE | AC24: =_xlfn.XLOOKUP(TRIM(B24), [5]STR!$2:$2, [5]STR!$44:$44, "")
A25: 46265 | B25: PT BPI BUSINESS SERVICES INC | C25: POQ4864 | D25: 354401000054567 | E25: 0 | F25: Tidak | G25: Tidak | H25: Tidak | I25: Business Email Compromise (BEC) | J25: 30 | K25: 13 | L25: Penipuan | M25: UNIT KOTA BERTUAH TUANKU TAMBU | N25: KC Pekanbaru Tuanku Tambusai | O25: KANWIL PEKANBARU | P25: Ya | Q25: Ya | R25: Done | S25: Approved | T25: 90186790 - Muhammad Alfin Farha | U25: "-" | V25: Reifika Dekrin | W25: 31/08/2026 | X25: =IF([3]STR!X25= TRUE, TRUE, FALSE) -> TRUE | AC25: =_xlfn.XLOOKUP(TRIM(B25), [5]STR!$2:$2, [5]STR!$44:$44, "") -> 3.3888393
A26: 46265 | B26: RADUMA DELINO | C26: RED5668 | D26: 208701200385561 | E26: SEDANG | F26: Ya | G26: Tidak | H26: Tidak | I26: Narkotika - Area Lapas | J26: 50 | K26: 46 | L26: Narkotika | M26: KCP PANAM | N26: KC Pekanbaru Tuanku Tambusai | O26: KANWIL PEKANBARU | P26: Tidak | Q26: Tidak | R26: Done | S26: Approved | T26: 90150130 - Intan Aida Pratiwi | U26: "-" | V26: Hany Pratiwi | W26: 20/08/2026 | X26: =IF([3]STR!X26= TRUE, TRUE, FALSE) -> TRUE | AC26: =_xlfn.XLOOKUP(TRIM(B26), [5]STR!$2:$2, [5]STR!$44:$44, "")

Sheet EDD PEP PPATK
D1: 46280
A2: No. | B2: Unit Kerja | C2: PIC RAC | D2: %PEP TL Done | E2: Average
A3: 3 | B3: KC Bangkinang | C3: Hany Pratiwi | D3: =_xlfn.XLOOKUP(B3, [1]PEP!$B:$B,[1]PEP!$G:$G) -> 1 | E3: =AVERAGE(D3:D13) -> 0.97653923
A4: 5 | B4: KC Batam Nagoya | C4: Hany Pratiwi | D4: =_xlfn.XLOOKUP(B4, [1]PEP!$B:$B,[1]PEP!$G:$G) -> 0.975
A5: 10 | B5: KC Pasir Pengaraian | C5: Hany Pratiwi | D5: =_xlfn.XLOOKUP(B5, [1]PEP!$B:$B,[1]PEP!$G:$G) -> 1
A6: 11 | B6: KC Pekanbaru Lancang Kuning | C6: Hany Pratiwi | D6: =_xlfn.XLOOKUP(B6, [1]PEP!$B:$B,[1]PEP!$G:$G) -> 0.88235294
A7: 13 | B7: KC Pekanbaru Tuanku Tambusai | C7: Hany Pratiwi | D7: =_xlfn.XLOOKUP(B7, [1]PEP!$B:$B,[1]PEP!$G:$G) -> 1
A8: 14 | B8: KC Perawang | C8: Hany Pratiwi | D8: =_xlfn.XLOOKUP(B8, [1]PEP!$B:$B,[1]PEP!$G:$G) -> 1
A9: 16 | B9: KC Selat Panjang | C9: Hany Pratiwi | D9: =_xlfn.XLOOKUP(B9, [1]PEP!$B:$B,[1]PEP!$G:$G) -> 1
A10: 19 | B10: KC Tanjung Pinang | C10: Hany Pratiwi | D10: =_xlfn.XLOOKUP(B10, [1]PEP!$B:$B,[1]PEP!$G:$G) -> 0.99568966
A11: 20 | B11: KC Teluk Kuantan | C11: Hany Pratiwi | D11: =_xlfn.XLOOKUP(B11, [1]PEP!$B:$B,[1]PEP!$G:$G) -> 1
A12: 21 | B12: KC Tembilahan | C12: Hany Pratiwi | D12: =_xlfn.XLOOKUP(B12, [1]PEP!$B:$B,[1]PEP!$G:$G) -> 0.88888889
A13: 22 | B13: KC Ujung Batu | C13: Hany Pratiwi | D13: =_xlfn.XLOOKUP(B13, [1]PEP!$B:$B,[1]PEP!$G:$G) -> 1
A14: 1 | B14: KC Bagan Batu | C14: Reifika Dekrin | D14: =_xlfn.XLOOKUP(B14, [1]PEP!$B:$B,[1]PEP!$G:$G) -> 1 | E14: =AVERAGE(D14:D24) -> 0.99369982
A15: 2 | B15: KC Bagan siapi api | C15: Reifika Dekrin | D15: =_xlfn.XLOOKUP(B15, [1]PEP!$B:$B,[1]PEP!$G:$G) -> 1
A16: 4 | B16: KC Batam Center | C16: Reifika Dekrin | D16: =_xlfn.XLOOKUP(B16, [1]PEP!$B:$B,[1]PEP!$G:$G) -> 1
A17: 6 | B17: KC Bengkalis | C17: Reifika Dekrin | D17: =_xlfn.XLOOKUP(B17, [1]PEP!$B:$B,[1]PEP!$G:$G) -> 1
A18: 7 | B18: KC Dumai | C18: Reifika Dekrin | D18: =_xlfn.XLOOKUP(B18, [1]PEP!$B:$B,[1]PEP!$G:$G) -> 0.97142857
A19: 8 | B19: KC Duri | C19: Reifika Dekrin | D19: =_xlfn.XLOOKUP(B19, [1]PEP!$B:$B,[1]PEP!$G:$G) -> 1
A20: 9 | B20: KC Pangkalan Kerinci | C20: Reifika Dekrin | D20: =_xlfn.XLOOKUP(B20, [1]PEP!$B:$B,[1]PEP!$G:$G) -> 1
A21: 12 | B21: KC Pekanbaru Sudirman | C21: Reifika Dekrin | D21: =_xlfn.XLOOKUP(B21, [1]PEP!$B:$B,[1]PEP!$G:$G) -> 0.97260274
A22: 15 | B22: KC Rengat | C22: Reifika Dekrin | D22: =_xlfn.XLOOKUP(B22, [1]PEP!$B:$B,[1]PEP!$G:$G) -> 1
A23: 17 | B23: KC Siak | C23: Reifika Dekrin | D23: =_xlfn.XLOOKUP(B23, [1]PEP!$B:$B,[1]PEP!$G:$G) -> 1
A24: 18 | B24: KC Tanjung Balai Karimun | C24: Reifika Dekrin | D24: =_xlfn.XLOOKUP(B24, [1]PEP!$B:$B,[1]PEP!$G:$G) -> 0.98666667

Sheet Bad Data
D1: 46280
A2: No. | B2: Unit Kerja | C2: PIC RAC | D2: Bad Data | E2: Average
A3: 3 | B3: KC Bangkinang | C3: Hany Pratiwi | D3: =_xlfn.XLOOKUP(B3, '[1]Bad Data'!$B:$B, '[1]Bad Data'!$D:$D) -> 0.00173 | E3: =AVERAGE(D3:D13) -> 0.0026818182
A4: 5 | B4: KC Batam Nagoya | C4: Hany Pratiwi | D4: =_xlfn.XLOOKUP(B4, '[1]Bad Data'!$B:$B, '[1]Bad Data'!$D:$D) -> 0.00282
A5: 10 | B5: KC Pasir Pengaraian | C5: Hany Pratiwi | D5: =_xlfn.XLOOKUP(B5, '[1]Bad Data'!$B:$B, '[1]Bad Data'!$D:$D) -> 0.00176
A6: 11 | B6: KC Pekanbaru Lancang Kuning | C6: Hany Pratiwi | D6: =_xlfn.XLOOKUP(B6, '[1]Bad Data'!$B:$B, '[1]Bad Data'!$D:$D) -> 0.00423
A7: 13 | B7: KC Pekanbaru Tuanku Tambusai | C7: Hany Pratiwi | D7: =_xlfn.XLOOKUP(B7, '[1]Bad Data'!$B:$B, '[1]Bad Data'!$D:$D) -> 0.00365
A8: 14 | B8: KC Perawang | C8: Hany Pratiwi | D8: =_xlfn.XLOOKUP(B8, '[1]Bad Data'!$B:$B, '[1]Bad Data'!$D:$D) -> 0.00307
A9: 16 | B9: KC Selat Panjang | C9: Hany Pratiwi | D9: =_xlfn.XLOOKUP(B9, '[1]Bad Data'!$B:$B, '[1]Bad Data'!$D:$D) -> 0.00139
A10: 19 | B10: KC Tanjung Pinang | C10: Hany Pratiwi | D10: =_xlfn.XLOOKUP(B10, '[1]Bad Data'!$B:$B, '[1]Bad Data'!$D:$D) -> 0.00269
A11: 20 | B11: KC Teluk Kuantan | C11: Hany Pratiwi | D11: =_xlfn.XLOOKUP(B11, '[1]Bad Data'!$B:$B, '[1]Bad Data'!$D:$D) -> 0.00208
A12: 21 | B12: KC Tembilahan | C12: Hany Pratiwi | D12: =_xlfn.XLOOKUP(B12, '[1]Bad Data'!$B:$B, '[1]Bad Data'!$D:$D) -> 0.00336
A13: 22 | B13: KC Ujung Batu | C13: Hany Pratiwi | D13: =_xlfn.XLOOKUP(B13, '[1]Bad Data'!$B:$B, '[1]Bad Data'!$D:$D) -> 0.00272
A14: 1 | B14: KC Bagan Batu | C14: Reifika Dekrin | D14: =_xlfn.XLOOKUP(B14, '[1]Bad Data'!$B:$B, '[1]Bad Data'!$D:$D) -> 0.0028 | E14: =AVERAGE(D14:D24) -> 0.0028163636
A15: 2 | B15: KC Bagan siapi api | C15: Reifika Dekrin | D15: =_xlfn.XLOOKUP(B15, '[1]Bad Data'!$B:$B, '[1]Bad Data'!$D:$D) -> 0.00431
A16: 4 | B16: KC Batam Center | C16: Reifika Dekrin | D16: =_xlfn.XLOOKUP(B16, '[1]Bad Data'!$B:$B, '[1]Bad Data'!$D:$D) -> 0.00132
A17: 6 | B17: KC Bengkalis | C17: Reifika Dekrin | D17: =_xlfn.XLOOKUP(B17, '[1]Bad Data'!$B:$B, '[1]Bad Data'!$D:$D) -> 0.00343
A18: 7 | B18: KC Dumai | C18: Reifika Dekrin | D18: =_xlfn.XLOOKUP(B18, '[1]Bad Data'!$B:$B, '[1]Bad Data'!$D:$D) -> 0.0017
A19: 8 | B19: KC Duri | C19: Reifika Dekrin | D19: =_xlfn.XLOOKUP(B19, '[1]Bad Data'!$B:$B, '[1]Bad Data'!$D:$D) -> 0.00367
A20: 9 | B20: KC Pangkalan Kerinci | C20: Reifika Dekrin | D20: =_xlfn.XLOOKUP(B20, '[1]Bad Data'!$B:$B, '[1]Bad Data'!$D:$D) -> 0.00231
A21: 12 | B21: KC Pekanbaru Sudirman | C21: Reifika Dekrin | D21: =_xlfn.XLOOKUP(B21, '[1]Bad Data'!$B:$B, '[1]Bad Data'!$D:$D) -> 0.00477
A22: 15 | B22: KC Rengat | C22: Reifika Dekrin | D22: =_xlfn.XLOOKUP(B22, '[1]Bad Data'!$B:$B, '[1]Bad Data'!$D:$D) -> 0.00286
A23: 17 | B23: KC Siak | C23: Reifika Dekrin | D23: =_xlfn.XLOOKUP(B23, '[1]Bad Data'!$B:$B, '[1]Bad Data'!$D:$D) -> 0.00092
A24: 18 | B24: KC Tanjung Balai Karimun | C24: Reifika Dekrin | D24: =_xlfn.XLOOKUP(B24, '[1]Bad Data'!$B:$B, '[1]Bad Data'!$D:$D) -> 0.00289

Sheet Pengkinian Data
D1: 46280
A2: No. | B2: Unit Kerja | C2: PIC RAC | D2: %Pengkinian Data | E2: Average
A3: 3 | B3: KC Bangkinang | C3: Hany Pratiwi | D3: =_xlfn.XLOOKUP(B3,'[1]Pengkinian Data'!$B:$B,'[1]Pengkinian Data'!$E:$E) -> 0.999 | E3: =AVERAGE(D3:D13) -> 0.9612
A4: 5 | B4: KC Batam Nagoya | C4: Hany Pratiwi | D4: =_xlfn.XLOOKUP(B4,'[1]Pengkinian Data'!$B:$B,'[1]Pengkinian Data'!$E:$E) -> 0.9326
A5: 10 | B5: KC Pasir Pengaraian | C5: Hany Pratiwi | D5: =_xlfn.XLOOKUP(B5,'[1]Pengkinian Data'!$B:$B,'[1]Pengkinian Data'!$E:$E) -> 0.9653
A6: 11 | B6: KC Pekanbaru Lancang Kuning | C6: Hany Pratiwi | D6: =_xlfn.XLOOKUP(B6,'[1]Pengkinian Data'!$B:$B,'[1]Pengkinian Data'!$E:$E) -> 0.98
A7: 13 | B7: KC Pekanbaru Tuanku Tambusai | C7: Hany Pratiwi | D7: =_xlfn.XLOOKUP(B7,'[1]Pengkinian Data'!$B:$B,'[1]Pengkinian Data'!$E:$E) -> 0.9813
A8: 14 | B8: KC Perawang | C8: Hany Pratiwi | D8: =_xlfn.XLOOKUP(B8,'[1]Pengkinian Data'!$B:$B,'[1]Pengkinian Data'!$E:$E) -> 0.9087
A9: 16 | B9: KC Selat Panjang | C9: Hany Pratiwi | D9: =_xlfn.XLOOKUP(B9,'[1]Pengkinian Data'!$B:$B,'[1]Pengkinian Data'!$E:$E) -> 0.9918
A10: 19 | B10: KC Tanjung Pinang | C10: Hany Pratiwi | D10: =_xlfn.XLOOKUP(B10,'[1]Pengkinian Data'!$B:$B,'[1]Pengkinian Data'!$E:$E) -> 0.9594
A11: 20 | B11: KC Teluk Kuantan | C11: Hany Pratiwi | D11: =_xlfn.XLOOKUP(B11,'[1]Pengkinian Data'!$B:$B,'[1]Pengkinian Data'!$E:$E) -> 0.9979
A12: 21 | B12: KC Tembilahan | C12: Hany Pratiwi | D12: =_xlfn.XLOOKUP(B12,'[1]Pengkinian Data'!$B:$B,'[1]Pengkinian Data'!$E:$E) -> 0.9998
A13: 22 | B13: KC Ujung Batu | C13: Hany Pratiwi | D13: =_xlfn.XLOOKUP(B13,'[1]Pengkinian Data'!$B:$B,'[1]Pengkinian Data'!$E:$E) -> 0.8574
A14: 1 | B14: KC Bagan Batu | C14: Reifika Dekrin | D14: =_xlfn.XLOOKUP(B14,'[1]Pengkinian Data'!$B:$B,'[1]Pengkinian Data'!$E:$E) -> 0.9251 | E14: =AVERAGE(D14:D24) -> 0.95336364
A15: 2 | B15: KC Bagan siapi api | C15: Reifika Dekrin | D15: =_xlfn.XLOOKUP(B15,'[1]Pengkinian Data'!$B:$B,'[1]Pengkinian Data'!$E:$E) -> 0.9321
A16: 4 | B16: KC Batam Center | C16: Reifika Dekrin | D16: =_xlfn.XLOOKUP(B16,'[1]Pengkinian Data'!$B:$B,'[1]Pengkinian Data'!$E:$E) -> 0.9803
A17: 6 | B17: KC Bengkalis | C17: Reifika Dekrin | D17: =_xlfn.XLOOKUP(B17,'[1]Pengkinian Data'!$B:$B,'[1]Pengkinian Data'!$E:$E) -> 0.9288
A18: 7 | B18: KC Dumai | C18: Reifika Dekrin | D18: =_xlfn.XLOOKUP(B18,'[1]Pengkinian Data'!$B:$B,'[1]Pengkinian Data'!$E:$E) -> 0.9941
A19: 8 | B19: KC Duri | C19: Reifika Dekrin | D19: =_xlfn.XLOOKUP(B19,'[1]Pengkinian Data'!$B:$B,'[1]Pengkinian Data'!$E:$E) -> 0.9885
A20: 9 | B20: KC Pangkalan Kerinci | C20: Reifika Dekrin | D20: =_xlfn.XLOOKUP(B20,'[1]Pengkinian Data'!$B:$B,'[1]Pengkinian Data'!$E:$E) -> 0.9431
A21: 12 | B21: KC Pekanbaru Sudirman | C21: Reifika Dekrin | D21: =_xlfn.XLOOKUP(B21,'[1]Pengkinian Data'!$B:$B,'[1]Pengkinian Data'!$E:$E) -> 0.9504
A22: 15 | B22: KC Rengat | C22: Reifika Dekrin | D22: =_xlfn.XLOOKUP(B22,'[1]Pengkinian Data'!$B:$B,'[1]Pengkinian Data'!$E:$E) -> 0.9321
A23: 17 | B23: KC Siak | C23: Reifika Dekrin | D23: =_xlfn.XLOOKUP(B23,'[1]Pengkinian Data'!$B:$B,'[1]Pengkinian Data'!$E:$E) -> 1
A24: 18 | B24: KC Tanjung Balai Karimun | C24: Reifika Dekrin | D24: =_xlfn.XLOOKUP(B24,'[1]Pengkinian Data'!$B:$B,'[1]Pengkinian Data'!$E:$E) -> 0.9125

Sheet Sosialisasi
A1: No. | B1: Unit Kerja | C1: PIC RAC | D1: Materi* | E1: Tanggal Rencana Pelaksanaan | F1: Tanggal Pelaksanaan* | G1: Jumlah Peserta* | H1: Jabatan Peserta* | I1: Dokumen Evidence**
A2: 1 | B2: KC Balige
A3: 2 | B3: KC Binjai
A4: 3 | B4: KC Gunung Sitoli
A5: 4 | B5: KC Kabanjahe
A6: 5 | B6: KC Kisaran
A7: 6 | B7: KC Kota Pinang
A8: 7 | B8: KC Lubuk Pakam
A9: 8 | B9: KC Medan Gatot Subroto
A10: 9 | B10: KC Medan Iskandar Muda
A11: 10 | B11: KC Medan Putri Hijau
A12: 11 | B12: KC Medan Sisingamangaraja
A13: 12 | B13: KC Medan Thamrin
... A25: 24 | B25: KC Tebing Tinggi
B27: Keterangan:
B28: *Diisi jika telah dilaksanakan
B29: **https://bbri.id/MonevaRAC
B31: Evidence terdiri dari:
B32: 1. Dokumentasi Foto
B33: 2. Berita Acara
B34: 3. Absensi
B35: 4. Materi Sosisalisasi
B36: 5. List Pertanyaan

Sheet Uji Petik
A1: No. | B1: Unit Kerja | C1: PIC RAC | D1: Rencana Pelaksanaan | E1: Tanggal Pelaksanaan* | F1: Dokumen Evidence**
B29: Keterangan:
B30: *Diisi jika telah dilaksanakan
B31: **https://bri2-my.sharepoint.com/:f:/g/personal/00136153_hq_bri_co_id/IgB-hJNPUDAbTa_K1yXpXfOpASmrhaAtHVRVdN0baGKUVXQ?e=Tj6JES
B34: Evidence terdiri dari:
B35: 1. Dokumentasi Foto
B36: 2. Berita Acara
B37: 3. Absensi
B38: 4.Kertas Kerja
B39: 5. Laporan Uji Petik

Sheet Nilai Maturitas
A1: No. | B1: Unit Kerja | C1: PIC RAC | D1: Nilai maturitas | E1: Nilai maturitas | F1: Rating maturitas
A2: 1 | B2: KC Bangkinang | C2: Hany Pratiwi | D2: 8.678 | E2: =AVERAGE(D2:D12) -> 7.7778182 | F2: B
A3: 2 | B3: KC Batam Nagoya | C3: Hany Pratiwi | D3: 6.419
A4: 3 | B4: KC Pasir Pengaraian | C4: Hany Pratiwi | D4: 8.595
A5: 4 | B5: KC Pekanbaru Lancang Kuning | C5: Hany Pratiwi | D5: 7.425
A6: 5 | B6: KC Pekanbaru Tuanku Tambusai | C6: Hany Pratiwi | D6: 6.581
A7: 6 | B7: KC Perawang | C7: Hany Pratiwi | D7: 6.542
A8: 7 | B8: KC Selat Panjang | C8: Hany Pratiwi | D8: 8.618
A9: 8 | B9: KC Tanjung Pinang | C9: Hany Pratiwi | D9: 9.534
A10: 9 | B10: KC Teluk Kuantan | C10: Hany Pratiwi | D10: 8.137
A11: 10 | B11: KC Tembilahan | C11: Hany Pratiwi | D11: 9.029
A12: 11 | B12: KC Ujung Batu | C12: Hany Pratiwi | D12: 5.998
A13: 12 | B13: KC Bagan Batu | C13: Reifika Dekrin | D13: 8.843 | E13: =AVERAGE(D13:D23) -> 8.0737273 | F13: B
A14: 13 | B14: KC Bagansiapiapi | C14: Reifika Dekrin | D14: 7.204
A15: 14 | B15: KC Batam Center | C15: Reifika Dekrin | D15: 9.057
A16: 15 | B16: KC Bengkalis | C16: Reifika Dekrin | D16: 8.551
A17: 16 | B17: KC Dumai | C17: Reifika Dekrin | D17: 7.227
A18: 17 | B18: KC Duri | C18: Reifika Dekrin | D18: 7.552
A19: 18 | B19: KC Pangkalan Kerinci | C19: Reifika Dekrin | D19: 7.307
A20: 19 | B20: KC Pekanbaru Sudirman | C20: Reifika Dekrin | D20: 7.819
A21: 20 | B21: KC Rengat | C21: Reifika Dekrin | D21: 7.437
A22: 21 | B22: KC Siak | C22: Reifika Dekrin | D22: 8.349
A23: 22 | B23: KC Tanjung Balai Karimun | C23: Reifika Dekrin | D23: 9.465

Sheet Penilaian Resiko
A1: No. | B1: Unit Kerja | C1: PIC RAC | D1: Nilai Risiko | E1: Nilai Risiko PIC | F1: Rating Risiko PIC
A2: 1 | B2: KC Bangkinang | C2: Hany Pratiwi | D2: 5.2915026 | E2: =AVERAGE(D2:D12) -> 5.6500144 | F2: Medium
A3: 2 | B3: KC Batam Nagoya | C3: Hany Pratiwi | D3: 5.9791304
A4: 3 | B4: KC Pasir Pengaraian | C4: Hany Pratiwi | D4: 4.9497475
A5: 4 | B5: KC Pekanbaru Lancang Kuning | C5: Hany Pratiwi | D5: 5.1961524
A6: 5 | B6: KC Pekanbaru Tuanku Tambusai | C6: Hany Pratiwi | D6: 5.5
A7: 6 | B7: KC Perawang | C7: Hany Pratiwi | D7: 6.4226163
A8: 7 | B8: KC Selat Panjang | C8: Hany Pratiwi | D8: 5.7008771
A9: 8 | B9: KC Tanjung Pinang | C9: Hany Pratiwi | D9: 5.4543561
A10: 9 | B10: KC Teluk Kuantan | C10: Hany Pratiwi | D10: 6.1237244
A11: 10 | B11: KC Tembilahan | C11: Hany Pratiwi | D11: 5.4083269
A12: 11 | B12: KC Ujung Batu | C12: Hany Pratiwi | D12: 6.1237244
A13: 12 | B13: KC Bagan Batu | C13: Reifika Dekrin | D13: 5.809475 | E13: =AVERAGE(D13:D23) -> 5.6282245 | F13: Medium
A14: 13 | B14: KC Bagansiapiapi | C14: Reifika Dekrin | D14: 4.9497475
A15: 14 | B15: KC Batam Center | C15: Reifika Dekrin | D15: 5
A16: 15 | B16: KC Bengkalis | C16: Reifika Dekrin | D16: 5.4083269
A17: 16 | B17: KC Dumai | C17: Reifika Dekrin | D17: 5.809475
A18: 17 | B18: KC Duri | C18: Reifika Dekrin | D18: 5.809475
A19: 18 | B19: KC Pangkalan Kerinci | C19: Reifika Dekrin | D19: 5.9791304
A20: 19 | B20: KC Pekanbaru Sudirman | C20: Reifika Dekrin | D20: 5
A21: 20 | B21: KC Rengat | C21: Reifika Dekrin | D21: 6.244998
A22: 21 | B22: KC Siak | C22: Reifika Dekrin | D22: 6.4226163
A23: 22 | B23: KC Tanjung Balai Karimun | C23: Reifika Dekrin | D23: 5.4772256

Sheet Maturitas Dashboard
A1: No. | B1: Unit Kerja | C1: PIC RAC | D1: Nilai Maturitas | E1: Nilai Maturitas PIC | F1: Rating Maturitas PIC
A2: 1 | B2: KC Bangkinang | C2: Hany Pratiwi | D2: 8.875 | E2: =AVERAGE(D2:D12) -> 8.875 | F2: Sangat Baik
A3: 2 | B3: KC Batam Nagoya | C3: Hany Pratiwi | D3: 8.875
A4: 3 | B4: KC Pasir Pengaraian | C4: Hany Pratiwi | D4: 8.875
A5: 4 | B5: KC Pekanbaru Lancang Kuning | C5: Hany Pratiwi | D5: 8.875
A6: 5 | B6: KC Pekanbaru Tuanku Tambusai | C6: Hany Pratiwi | D6: 8.875
A7: 6 | B7: KC Perawang | C7: Hany Pratiwi | D7: 8.875
A8: 7 | B8: KC Selat Panjang | C8: Hany Pratiwi | D8: 8.875
A9: 8 | B9: KC Tanjung Pinang | C9: Hany Pratiwi | D9: 8.875
A10: 9 | B10: KC Teluk Kuantan | C10: Hany Pratiwi | D10: 8.875
A11: 10 | B11: KC Tembilahan | C11: Hany Pratiwi | D11: 8.875
A12: 11 | B12: KC Ujung Batu | C12: Hany Pratiwi | D12: 8.875
A13: 12 | B13: KC Bagan Batu | C13: Reifika Dekrin | D13: 8.875 | E13: =AVERAGE(D13:D23) -> 8.875 | F13: Sangat Baik
A14: 13 | B14: KC Bagansiapiapi | C14: Reifika Dekrin | D14: 8.875
A15: 14 | B15: KC Batam Center | C15: Reifika Dekrin | D15: 8.875
A16: 15 | B16: KC Bengkalis | C16: Reifika Dekrin | D16: 8.875
A17: 16 | B17: KC Dumai | C17: Reifika Dekrin | D17: 8.875
A18: 17 | B18: KC Duri | C18: Reifika Dekrin | D18: 8.875
A19: 18 | B19: KC Pangkalan Kerinci | C19: Reifika Dekrin | D19: 8.875
A20: 19 | B20: KC Pekanbaru Sudirman | C20: Reifika Dekrin | D20: 8.875
A21: 20 | B21: KC Rengat | C21: Reifika Dekrin | D21: 8.875
A22: 21 | B22: KC Siak | C22: Reifika Dekrin | D22: 8.875
A23: 22 | B23: KC Tanjung Balai Karimun | C23: Reifika Dekrin | D23: 8.875

Sheet Overview
A2: No | B2: Aspek Penilaian | C2: Reifika Dekrin | F2: Hany Pratiwi
C3: Nilai | D3: Bobot | E3: Score | F3: Nilai | G3: Bobot | H3: Score
A4: 1 | B4: STR | C4: =IFERROR(COUNTIFS(STR!$V:$V, Overview!C$2, STR!$X:$X, "TRUE")/COUNTIFS(STR!$V:$V, Overview!C2), 0) -> 0.45454545 | D4: 0.15 | E4: =D4*C4 -> 0.068181818 | F4: =IFERROR(COUNTIFS(STR!$V:$V, Overview!F$2, STR!$X:$X, "TRUE")/COUNTIFS(STR!$V:$V, Overview!F2), 0) -> 0.58333333 | G4: 0.15 | H4: =G4*F4 -> 0.0875
A5: 2 | B5: Bad Data | C5: =1-AVERAGEIF('Bad Data'!$C:$C, Overview!C$2, 'Bad Data'!$D:$D) -> 0.99718364 | D5: 0.1 | E5: =D5*C5 -> 0.099718364 | F5: =1-AVERAGEIF('Bad Data'!$C:$C, Overview!F$2, 'Bad Data'!$D:$D) -> 0.99731818 | G5: 0.1 | H5: =G5*F5 -> 0.099731818
A6: 3 | B6: Pengkinian Data | C6: =AVERAGEIF('Pengkinian Data'!$C:$C, Overview!C$2, 'Pengkinian Data'!$D:$D) -> 0.95336364 | D6: 0.1 | E6: =D6*C6 -> 0.095336364 | F6: =AVERAGEIF('Pengkinian Data'!$C:$C, Overview!F$2, 'Pengkinian Data'!$D:$D) -> 0.9612 | G6: 0.1 | H6: =G6*F6 -> 0.09612 | O6: .
A7: 4 | B7: Uji Petik | C7: =IFERROR(COUNTIFS(STR!$V:$V, Overview!B5, STR!$X:$X, "TRUE")/COUNTIFS(STR!$V:$V, Overview!B5), 0) -> 0 | D7: 0 | E7: =D7*C7 -> 0 | F7: =IFERROR(COUNTIFS(STR!$V:$V, Overview!E5, STR!$X:$X, "TRUE")/COUNTIFS(STR!$V:$V, Overview!E5), 0) -> 0 | G7: 0 | H7: =G7*F7 -> 0
A8: 5 | B8: Sosialisasi | C8: {=IFERROR(AVERAGE(IF([1]Sosialisasi!$C$1:$C$10000=C2, [1]Sosialisasi!$D$1:$D$10000)), 0)} -> 0.54545455 | D8: 0.15 | E8: =D8*C8 -> 0.081818182 | F8: {=IFERROR(AVERAGE(IF([1]Sosialisasi!$C$1:$C$10000=F2, [1]Sosialisasi!$D$1:$D$10000)), 0)} -> 0.18181818 | G8: 0.15 | H8: =G8*F8 -> 0.027272727
A9: 6 | B9: EDD | C9: =AVERAGEIF('EDD PEP PPATK'!$C:$C, Overview!C$2, 'EDD PEP PPATK'!$D:$D) -> 0.99369982 | D9: 0.1 | E9: =D9*C9 -> 0.099369982 | F9: =AVERAGEIF('EDD PEP PPATK'!$C:$C, Overview!F$2, 'EDD PEP PPATK'!$D:$D) -> 0.97653923 | G9: 0.1 | H9: =G9*F9 -> 0.097653923
A10: 7 | B10: Self Learning Keikutsertaan | C10: {=IF(IFERROR(AVERAGE(IF('[1]Sheet2 (2)'!$C$1:$C$10000=C$2, '[1]Sheet2 (2)'!$D$1:$D$10000)), 0)>0.9, 1, IFERROR(AVERAGE(IF('[1]Sheet2 (2)'!$C$1:$C$10000=C$2, '[1]Sheet2 (2)'!$D$1:$D$10000)), 0))} -> 1 | D10: 0.05 | E10: =D10*C10 -> 0.05 | F10: {=IF(IFERROR(AVERAGE(IF('[1]Sheet2 (2)'!$C$1:$C$10000=F$2, '[1]Sheet2 (2)'!$D$1:$D$10000)), 0)>0.9, 1, IFERROR(AVERAGE(IF('[1]Sheet2 (2)'!$C$1:$C$10000=F$2, '[1]Sheet2 (2)'!$D$1:$D$10000)), 0))} -> 1 | G10: 0.05 | H10: =G10*F10 -> 0.05
A11: 8 | B11: Self Learning Score | C11: {=IF(IFERROR(AVERAGE(IF('[1]Sheet2 (3)'!$C$1:$C$10000=C2, '[1]Sheet2 (3)'!$D$1:$D$10000)), 0)>90, 1, IFERROR(AVERAGE(IF('[1]Sheet2 (3)'!$C$1:$C$10000=C2, '[1]Sheet2 (3)'!$D$1:$D$10000)), 0)/90)} -> 1 | D11: 0.05 | E11: =D11*C11 -> 0.05 | F11: {=IF(IFERROR(AVERAGE(IF('[1]Sheet2 (3)'!$C$1:$C$10000=F2, '[1]Sheet2 (3)'!$D$1:$D$10000)), 0)>90, 1, IFERROR(AVERAGE(IF('[1]Sheet2 (3)'!$C$1:$C$10000=F2, '[1]Sheet2 (3)'!$D$1:$D$10000)), 0)/90)} -> 1 | G11: 0.05 | H11: =G11*F11 -> 0.05
A12: 9 | B12: Maturitas | C12: =IF(AVERAGEIF('Nilai Maturitas'!$C:$C, Overview!C2, 'Nilai Maturitas'!$D:$D) > 8, 110%, AVERAGEIF('Nilai Maturitas'!$C:$C, Overview!C2, 'Nilai Maturitas'!$D:$D)/8*100%) -> 1.1 | D12: 0.1 | E12: =D12*C12 -> 0.11 | F12: =IF(AVERAGEIF('Nilai Maturitas'!$C:$C, Overview!F2, 'Nilai Maturitas'!$D:$D) > 8, 110%, AVERAGEIF('Nilai Maturitas'!$C:$C, Overview!F2, 'Nilai Maturitas'!$D:$D)/8*100%) -> 0.97222727 | G12: 0.1 | H12: =G12*F12 -> 0.097222727
A13: 10 | B13: Maturitas Dashboard | C13: =IF(AVERAGEIF('Maturitas Dashboard'!$C:$C, Overview!C$2, 'Maturitas Dashboard'!$D:$D) > 8, 110%, AVERAGEIF('Maturitas Dashboard'!$C:$C, Overview!C$2, 'Maturitas Dashboard'!$D:$D)/8*100%) -> 1.1 | D13: 0.1 | E13: =D13*C13 -> 0.11 | F13: =IF(AVERAGEIF('Maturitas Dashboard'!$C:$C, Overview!F$2, 'Maturitas Dashboard'!$D:$D) > 8, 110%, AVERAGEIF('Maturitas Dashboard'!$C:$C, Overview!F$2, 'Maturitas Dashboard'!$D:$D)/8*100%) -> 1.1 | G13: 0.1 | H13: =G13*F13 -> 0.11
A14: 11 | B14: Penilaian Resiko | C14: =IF(AVERAGEIF('Penilaian Resiko'!$C:$C, Overview!C$2, 'Penilaian Resiko'!$D:$D) < 5.8, 110%, IF(AVERAGEIF('Penilaian Resiko'!$C:$C, Overview!C$2, 'Penilaian Resiko'!$D:$D) <7.4, 3/4*100%, 3/5*100%)) -> 1.1 | D14: 0.1 | E14: =D14*C14 -> 0.11 | F14: =IF(AVERAGEIF('Penilaian Resiko'!$C:$C, Overview!F$2, 'Penilaian Resiko'!$D:$D) < 5.8, 110%, IF(AVERAGEIF('Penilaian Resiko'!$C:$C, Overview!F$2, 'Penilaian Resiko'!$D:$D) <7.4, 3/4*100%, 3/5*100%)) -> 1.1 | G14: 0.1 | H14: =G14*F14 -> 0.11
C15: Progress | E15: =SUM(E4:E14) -> 0.87442471 | F15: Progress | H15: =SUM(H4:H14) -> 0.8255012

Sheet Overview tanpa KPI
A2: No | B2: Aspek Penilaian | C2: Reifika Dekrin | F2: Hany Pratiwi
C3: Nilai | D3: Bobotan | E3: Score | F3: Nilai | G3: Bobotan | H3: Score
A4: 1 | B4: STR | C4: =IFERROR(COUNTIFS(STR!$V:$V, 'Overview tanpa KPI'!C$2, STR!$X:$X, "TRUE")/COUNTIFS(STR!$V:$V, 'Overview tanpa KPI'!C2), 0) -> 0.45454545 | D4: 0.15 | E4: =D4*C4 -> 0.068181818 | F4: =IFERROR(COUNTIFS(STR!$V:$V, 'Overview tanpa KPI'!F$2, STR!$X:$X, "TRUE")/COUNTIFS(STR!$V:$V, 'Overview tanpa KPI'!F2), 0) -> 0.58333333 | G4: 0.15 | H4: =G4*F4 -> 0.0875
A5: 2 | B5: Bad Data | C5: =1-AVERAGEIF('Bad Data'!$C:$C, 'Overview tanpa KPI'!C$2, 'Bad Data'!$D:$D) -> 0.99718364 | D5: 0.1 | E5: =D5*C5 -> 0.099718364 | F5: =1-AVERAGEIF('Bad Data'!$C:$C, 'Overview tanpa KPI'!F$2, 'Bad Data'!$D:$D) -> 0.99731818 | G5: 0.1 | H5: =G5*F5 -> 0.099731818
A6: 3 | B6: Pengkinian Data | C6: =AVERAGEIF('Pengkinian Data'!$C:$C, 'Overview tanpa KPI'!C$2, 'Pengkinian Data'!$D:$D) -> 0.95336364 | D6: 0.1 | E6: =D6*C6 -> 0.095336364 | F6: =AVERAGEIF('Pengkinian Data'!$C:$C, 'Overview tanpa KPI'!F$2, 'Pengkinian Data'!$D:$D) -> 0.9612 | G6: 0.1 | H6: =G6*F6 -> 0.09612 | O6: .
A7: 4 | B7: Uji Petik | C7: {=IFERROR(SUMPRODUCT(--('[3]Uji Petik'!$E$3:$E$73<>""), --('[3]Uji Petik'!$C$3:$C$73=C2)) / SUMPRODUCT(--('[3]Uji Petik'!$C$3:$C$73=C2)), 0)} -> 0 | D7: 0 | E7: =D7*C7 -> 0 | F7: {=IFERROR(SUMPRODUCT(--('[3]Uji Petik'!$E$3:$E$73<>""), --('[3]Uji Petik'!$C$3:$C$73=F2)) / SUMPRODUCT(--('[3]Uji Petik'!$C$3:$C$73=F2)), 0)} -> 0 | G7: 0 | H7: =G7*F7 -> 0
A8: 5 | B8: Sosialisasi | C8: {=IFERROR(AVERAGE(IF([1]Sosialisasi!$C$1:$C$10000=C2, [1]Sosialisasi!$D$1:$D$10000)), 0)} -> 0.54545455 | D8: 0.15 | E8: =D8*C8 -> 0.081818182 | F8: {=IFERROR(AVERAGE(IF([1]Sosialisasi!$C$1:$C$10000=F2, [1]Sosialisasi!$D$1:$D$10000)), 0)} -> 0.18181818 | G8: 0.15 | H8: =G8*F8 -> 0.027272727
A9: 6 | B9: EDD | C9: =AVERAGEIF('EDD PEP PPATK'!$C:$C, 'Overview tanpa KPI'!C$2, 'EDD PEP PPATK'!$D:$D) -> 0.99369982 | D9: 0.1 | E9: =D9*C9 -> 0.099369982 | F9: =AVERAGEIF('EDD PEP PPATK'!$C:$C, 'Overview tanpa KPI'!F$2, 'EDD PEP PPATK'!$D:$D) -> 0.97653923 | G9: 0.1 | H9: =G9*F9 -> 0.097653923
A10: 7 | B10: Self Learning Keikutsertaan | C10: {=IFERROR(AVERAGE(IF('[1]Sheet2 (2)'!$C$1:$C$10000=C$2, '[1]Sheet2 (2)'!$D$1:$D$10000)), 0)} -> 0.99645869 | D10: 0.05 | E10: =D10*C10 -> 0.049822934 | F10: {=IFERROR(AVERAGE(IF('[1]Sheet2 (2)'!$C$1:$C$10000=F$2, '[1]Sheet2 (2)'!$D$1:$D$10000)), 0)} -> 0.99252458 | G10: 0.05 | H10: =G10*F10 -> 0.049626229
A11: 8 | B11: Self Learning Score | C11: {=IFERROR(AVERAGE(IF('[1]Sheet2 (3)'!$C$1:$C$10000=C2, '[1]Sheet2 (3)'!$D$1:$D$10000)), 0)} -> 96.631364 | D11: 0.05 | E11: =D11*C11 -> 4.8315682 | F11: {=IFERROR(AVERAGE(IF('[1]Sheet2 (3)'!$C$1:$C$10000=F2, '[1]Sheet2 (3)'!$D$1:$D$10000)), 0)} -> 96.252 | G11: 0.05 | H11: =G11*F11 -> 4.8126
A12: 9 | B12: Maturitas | C12: =AVERAGEIF('Nilai Maturitas'!$C:$C, 'Overview tanpa KPI'!C2, 'Nilai Maturitas'!$D:$D) -> 8.0737273 | D12: 0.1 | E12: =D12*C12 -> 0.80737273 | F12: =AVERAGEIF('Nilai Maturitas'!$C:$C, 'Overview tanpa KPI'!F2, 'Nilai Maturitas'!$D:$D) -> 7.7778182 | G12: 0.1 | H12: =G12*F12 -> 0.77778182
A13: 10 | B13: Maturitas Dashboard | C13: =AVERAGEIF('Maturitas Dashboard'!$C:$C, 'Overview tanpa KPI'!C$2, 'Maturitas Dashboard'!$D:$D) -> 8.875 | D13: 0.1 | E13: =D13*C13 -> 0.8875 | F13: =AVERAGEIF('Maturitas Dashboard'!$C:$C, 'Overview tanpa KPI'!F$2, 'Maturitas Dashboard'!$D:$D) -> 8.875 | G13: 0.1 | H13: =G13*F13 -> 0.8875
A14: 11 | B14: Penilaian Resiko | C14: =AVERAGEIF('Penilaian Resiko'!$C:$C, 'Overview tanpa KPI'!C$2, 'Penilaian Resiko'!$D:$D) -> 5.6282245 | D14: 0.1 | E14: =D14*C14 -> 0.56282245 | F14: =AVERAGEIF('Penilaian Resiko'!$C:$C, 'Overview tanpa KPI'!F$2, 'Penilaian Resiko'!$D:$D) -> 5.6500144 | G14: 0.1 | H14: =G14*F14 -> 0.56500144
C15: Progress | E15: =SUM(E4:E14) -> 7.583511 | F15: Progress | H15: =SUM(H4:H14) -> 7.500788

Sheet Overview KPI
A2: No | B2: Aspek Penilaian | C2: Reifika Dekrin | F2: Hany Pratiwi
C3: Nilai | D3: Bobot | E3: Score | F3: Nilai | G3: Bobot | H3: Score
A4: 1 | B4: STR | C4: =IFERROR(COUNTIFS(STR!$V:$V, 'Overview KPI'!C$2, STR!$X:$X, "TRUE")/COUNTIFS(STR!$V:$V, 'Overview KPI'!C2), 0) -> 0.45454545 | D4: 0.05 | E4: =D4*C4 -> 0.022727273 | F4: =IFERROR(COUNTIFS(STR!$V:$V, 'Overview KPI'!F$2, STR!$X:$X, "TRUE")/COUNTIFS(STR!$V:$V, 'Overview KPI'!F2), 0) -> 0.58333333 | G4: 0.05 | H4: =G4*F4 -> 0.029166667
A5: 2 | B5: Kualitas STR | C5: =IFERROR(AVERAGEIF(STR!$V:$V, 'Overview KPI'!C2, STR!$AC:$AC), 0)/4 -> 0.84720982 | D5: 0.15 | E5: =D5*C5 -> 0.12708147 | F5: =IFERROR(AVERAGEIF(STR!$V:$V, 'Overview KPI'!F2, STR!$AC:$AC), 0)/4 -> 0 | G5: 0.15 | H5: =G5*F5 -> 0
A6: 3 | B6: Bad Data | C6: =1-AVERAGEIF('Bad Data'!$C:$C, 'Overview KPI'!C$2, 'Bad Data'!$D:$D) -> 0.99718364 | D6: 0.1 | E6: =D6*C6 -> 0.099718364 | F6: =1-AVERAGEIF('Bad Data'!$C:$C, 'Overview KPI'!F$2, 'Bad Data'!$D:$D) -> 0.99731818 | G6: 0.1 | H6: =G6*F6 -> 0.099731818
A7: 4 | B7: Pengkinian Data | C7: =AVERAGEIF('Pengkinian Data'!$C:$C, 'Overview KPI'!C$2, 'Pengkinian Data'!$D:$D) -> 0.95336364 | D7: 0.1 | E7: =D7*C7 -> 0.095336364 | F7: =AVERAGEIF('Pengkinian Data'!$C:$C, 'Overview KPI'!F$2, 'Pengkinian Data'!$D:$D) -> 0.9612 | G7: 0.1 | H7: =G7*F7 -> 0.09612 | O7: .
A8: 5 | B8: Uji Petik | C8: =IFERROR(COUNTIFS(STR!$V:$V, 'Overview KPI'!B6, STR!$X:$X, "TRUE")/COUNTIFS(STR!$V:$V, 'Overview KPI'!B6), 0) -> 0 | D8: 0.075 | E8: =D8*C8 -> 0 | F8: =IFERROR(COUNTIFS(STR!$V:$V, 'Overview KPI'!E6, STR!$X:$X, "TRUE")/COUNTIFS(STR!$V:$V, 'Overview KPI'!E6), 0) -> 0 | G8: 0.075 | H8: =G8*F8 -> 0
A9: 6 | B9: Sosialisasi | C9: {=IFERROR(AVERAGE(IF([1]Sosialisasi!$C$1:$C$10000=C2, [1]Sosialisasi!$D$1:$D$10000)), 0)} -> 0.54545455 | D9: 0.075 | E9: =D9*C9 -> 0.040909091 | F9: {=IFERROR(AVERAGE(IF([1]Sosialisasi!$C$1:$C$10000=F2, [1]Sosialisasi!$D$1:$D$10000)), 0)} -> 0.18181818 | G9: 0.075 | H9: =G9*F9 -> 0.013636364
A10: 7 | B10: EDD | C10: =AVERAGEIF('EDD PEP PPATK'!$C:$C, 'Overview KPI'!C$2, 'EDD PEP PPATK'!$D:$D) -> 0.99369982 | D10: 0.1 | E10: =D10*C10 -> 0.099369982 | F10: =AVERAGEIF('EDD PEP PPATK'!$C:$C, 'Overview KPI'!F$2, 'EDD PEP PPATK'!$D:$D) -> 0.97653923 | G10: 0.1 | H10: =G10*F10 -> 0.097653923
A11: 8 | B11: Self Learning Keikutsertaan | C11: {=IF(IFERROR(AVERAGE(IF('[1]Sheet2 (2)'!$C$1:$C$10000=C$2, '[1]Sheet2 (2)'!$D$1:$D$10000)), 0)>0.9, 1, IFERROR(AVERAGE(IF('[1]Sheet2 (2)'!$C$1:$C$10000=C$2, '[1]Sheet2 (2)'!$D$1:$D$10000)), 0))} -> 1 | D11: 0.025 | E11: =D11*C11 -> 0.025 | F11: {=IF(IFERROR(AVERAGE(IF('[1]Sheet2 (2)'!$C$1:$C$10000=F$2, '[1]Sheet2 (2)'!$D$1:$D$10000)), 0)>0.9, 1, IFERROR(AVERAGE(IF('[1]Sheet2 (2)'!$C$1:$C$10000=F$2, '[1]Sheet2 (2)'!$D$1:$D$10000)), 0))} -> 1 | G11: 0.025 | H11: =G11*F11 -> 0.025
A12: 9 | B12: Self Learning Score | C12: {=IF(IFERROR(AVERAGE(IF('[1]Sheet2 (3)'!$C$1:$C$10000=C2, '[1]Sheet2 (3)'!$D$1:$D$10000)), 0)>90, 1, IFERROR(AVERAGE(IF('[1]Sheet2 (3)'!$C$1:$C$10000=C2, '[1]Sheet2 (3)'!$D$1:$D$10000)), 0)/90)} -> 1 | D12: 0.025 | E12: =D12*C12 -> 0.025 | F12: {=IF(IFERROR(AVERAGE(IF('[1]Sheet2 (3)'!$C$1:$C$10000=F2, '[1]Sheet2 (3)'!$D$1:$D$10000)), 0)>90, 1, IFERROR(AVERAGE(IF('[1]Sheet2 (3)'!$C$1:$C$10000=F2, '[1]Sheet2 (3)'!$D$1:$D$10000)), 0)/90)} -> 1 | G12: 0.025 | H12: =G12*F12 -> 0.025
A13: 10 | B13: Maturitas | C13: =IF(AVERAGEIF('Nilai Maturitas'!$C:$C, 'Overview KPI'!C2, 'Nilai Maturitas'!$D:$D) > 8, 110%, AVERAGEIF('Nilai Maturitas'!$C:$C, 'Overview KPI'!C2, 'Nilai Maturitas'!$D:$D)/8*100%) -> 1.1 | D13: 0.1 | E13: =D13*C13 -> 0.11 | F13: =IF(AVERAGEIF('Nilai Maturitas'!$C:$C, 'Overview KPI'!F2, 'Nilai Maturitas'!$D:$D) > 8, 110%, AVERAGEIF('Nilai Maturitas'!$C:$C, 'Overview KPI'!F2, 'Nilai Maturitas'!$D:$D)/8*100%) -> 0.97222727 | G13: 0.1 | H13: =G13*F13 -> 0.097222727
A14: 11 | B14: Maturitas Dashboard | C14: =IF(AVERAGEIF('Maturitas Dashboard'!$C:$C, 'Overview KPI'!C$2, 'Maturitas Dashboard'!$D:$D) > 8, 110%, AVERAGEIF('Maturitas Dashboard'!$C:$C, 'Overview KPI'!C$2, 'Maturitas Dashboard'!$D:$D)/8*100%) -> 1.1 | D14: 0.1 | E14: =D14*C14 -> 0.11 | F14: =IF(AVERAGEIF('Maturitas Dashboard'!$C:$C, 'Overview KPI'!F$2, 'Maturitas Dashboard'!$D:$D) > 8, 110%, AVERAGEIF('Maturitas Dashboard'!$C:$C, 'Overview KPI'!F$2, 'Maturitas Dashboard'!$D:$D)/8*100%) -> 1.1 | G14: 0.1 | H14: =G14*F14 -> 0.11
A15: 12 | B15: Penilaian Resiko | C15: =IF(AVERAGEIF('Penilaian Resiko'!$C:$C, 'Overview KPI'!C$2, 'Penilaian Resiko'!$D:$D) < 5.8, 110%, IF(AVERAGEIF('Penilaian Resiko'!$C:$C, 'Overview KPI'!C$2, 'Penilaian Resiko'!$D:$D) <7.4, 3/4*100%, 3/5*100%)) -> 1.1 | D15: 0.1 | E15: =D15*C15 -> 0.11 | F15: =IF(AVERAGEIF('Penilaian Resiko'!$C:$C, 'Overview KPI'!F$2, 'Penilaian Resiko'!$D:$D) < 5.8, 110%, IF(AVERAGEIF('Penilaian Resiko'!$C:$C, 'Overview KPI'!F$2, 'Penilaian Resiko'!$D:$D) <7.4, 3/4*100%, 3/5*100%)) -> 1.1 | G15: 0.1 | H15: =G15*F15 -> 0.11
C16: Progress | E16: =SUM(E4:E15) -> 0.86514255 | F16: Progress | H16: =SUM(H4:H15) -> 0.7035315
