Workbook

Sheet STR
A1: POSISI | B1: NAMA | C1: CIF | D1: No Rek/ Kartu Kredit | E1: RESIKO | F1: BRILINK | G1: STATUS PEKERJA | H1: DIGITAL SAVING | I1: SKENARIO | J1: SCORING | K1: INFO PARAM | L1: KATEGORI | M1: UNIT KERJA | N1: KANTOR CABANG | O1: KANTOR KANWIL | P1: REKOMENDASI UKER | Q1: REKOMENDASI UKK | R1: STATUS UKER | S1: STATUS | T1: DISPOSISI | U1: INFO LAINNYA | V1: Disposisi RAC | W1: Tanggal | X1: Status TL
A2: {=_xlfn._xlws.FILTER('[2]STR-2026-8-2026-8'!$A:$U, ISNUMBER(SEARCH("Jayapura", '[2]STR-2026-8-2026-8'!$O:$O)), "")} -> 46265 | B2: ANUGERAH REGENCY HOLTEKAMP | C2: ABBWB49 | D2: 30701004063309 | E2: SEDANG | F2: Tidak | G2: Tidak | H2: Tidak | I2: Perpajakan | J2: 53 | K2: 41 | L2: Perpajakan | M2: KC Jayapura | N2: KC Jayapura | O2: KANWIL JAYAPURA | P2: 0 | Q2: 0 | R2: Belum TL | S2: Belum TL | T2: 00336949 - Mochammad Al Farabi | U2: "-" | V2: Rinaldi Wicaksana | X2: =[3]STR!$X2 -> FALSE
A3: 46265 | B3: CV MAROS JAYA | C3: CP61650 | D3: 172701000336569 | E3: SEDANG | F3: Tidak | G3: Tidak | H3: Tidak | I3: Perpajakan | J3: 48 | K3: 41 | L3: Perpajakan | M3: KK RSUD MERAUKE | N3: KC Merauke | O3: KANWIL JAYAPURA | P3: 0 | Q3: 0 | R3: Belum TL | S3: Belum TL | T3: 90171841 - Rifqi Aziz | U3: "-" | V3: Rinaldi Wicaksana | X3: =[3]STR!$X3 -> FALSE
A4: 46265 | B4: HERIANTO | C4: HLW7610 | D4: 31101167988502 | E4: SEDANG | F4: Tidak | G4: Tidak | H4: Tidak | I4: Pencurian Rekening | J4: 47 | K4: 59 | L4: Perbankan | M4: KC Wamena | N4: KC Wamena | O4: KANWIL JAYAPURA | P4: 0 | Q4: 0 | R4: Belum TL | S4: Belum TL | T4: 90185538 - Muhammad Fahikal Auz | U4: "-" | V4: Rinaldi Wicaksana | X4: =[3]STR!$X4 -> TRUE
A5: 46265 | B5: MUHAMMAD IQBHAL | C5: MCQWQ36 | D5: 707501019002508 | E5: 0 | F5: Tidak | G5: Tidak | H5: Tidak | I5: Narkotika - Area Lapas | J5: 36 | K5: 48 | L5: Narkotika | M5: UNIT KLASAMAN SORONG | N5: KC Sorong | O5: KANWIL JAYAPURA | P5: 0 | Q5: 0 | R5: Belum TL | S5: Belum TL | T5: 90185537 - Moh.Khoerul Fajar Ar | U5: "-" | V5: Rinaldi Wicaksana | X5: =[3]STR!$X5 -> FALSE | Z5: .
A6: 46265 | B6: MOHAMMAD ARIF | C6: MHHX468 | D6: 214101014269501 | E6: SEDANG | F6: Tidak | G6: Tidak | H6: Tidak | I6: Narkotika - Area Lapas | J6: 48 | K6: 48 | L6: Narkotika | M6: KCP KOTA JAYAPURA | N6: KC Jayapura | O6: KANWIL JAYAPURA | P6: 0 | Q6: 0 | R6: Belum TL | S6: Belum TL | T6: 00394521 - Muhammad Hibbanduta | U6: "-" | V6: Rinaldi Wicaksana | X6: =[3]STR!$X6 -> FALSE
A7: 46265 | B7: SITI MARHANA | C7: SNKR522 | D7: 35201103491501 | E7: SEDANG | F7: Tidak | G7: Tidak | H7: Tidak | I7: Perikanan dan Kelautan | J7: 48 | K7: 101 | L7: Perikanan dan Kelautan | M7: KCP KOTA MERAUKE | N7: KC Merauke | O7: KANWIL JAYAPURA | P7: 0 | Q7: 0 | R7: Belum TL | S7: Belum TL | T7: 00336949 - Mochammad Al Farabi | U7: "-" | V7: Rinaldi Wicaksana | X7: =[3]STR!$X7 -> FALSE
A8: 46265 | B8: MONICA PONGMAKAMBA | C8: MYC8553 | D8: 108101035822509 | E8: SEDANG | F8: Tidak | G8: Tidak | H8: Tidak | I8: Narkotika - Area Lapas | J8: 50 | K8: 48 | L8: Narkotika | M8: KC Fakfak | N8: KC Fakfak | O8: KANWIL JAYAPURA | P8: Tidak | Q8: 0 | R8: Pending Approver | S8: Belum TL | T8: 00394520 - Frida Akbar Rani | U8: "-" | V8: Rinaldi Wicaksana | X8: =[3]STR!$X8 -> FALSE
A9: 46265 | B9: JOHN TABO | C9: J217725 | D9: 5.326599e+15 | E9: TINGGI | F9: Tidak | G9: Tidak | H9: Tidak | I9: Private or Priority Customer Investment | J9: 83 | K9: 93 | L9: Pasar Modal | M9: KC Jayapura | N9: KC Jayapura | O9: KANWIL JAYAPURA | P9: Tidak | Q9: 0 | R9: Done | S9: Belum TL | T9: 90150130 - Intan Aida Pratiwi | U9: "-" | V9: Rinaldi Wicaksana | X9: =[3]STR!$X9 -> FALSE
A10: 46265 | B10: PT PARAMA PANGAN PAPUA | C10: PW02628 | D10: 35201001853302 | E10: SEDANG | F10: Tidak | G10: Tidak | H10: Tidak | I10: Perpajakan | J10: 48 | K10: 41 | L10: Perpajakan | M10: KC Merauke | N10: KC Merauke | O10: KANWIL JAYAPURA | P10: Tidak | Q10: Tidak | R10: Done | S10: Pending Checker | T10: 90185538 - Muhammad Fahikal Auz | U10: "-" | V10: Rinaldi Wicaksana | W10: 28 Agustus | X10: =[3]STR!$X10 -> TRUE
A11: 46265 | B11: PATRICK DEVIS NASUTION | C11: PCH7636 | D11: 342301051378534 | E11: SEDANG | F11: Tidak | G11: Tidak | H11: Tidak | I11: Narkotika - Area Lapas | J11: 54 | K11: 48 | L11: Narkotika | M11: UNIT NABIRE | N11: KC Nabire | O11: KANWIL JAYAPURA | P11: Tidak | Q11: Ya | R11: Done | S11: Pending Checker | T11: 00394521 - Muhammad Hibbanduta | U11: "-" | V11: Rinaldi Wicaksana | X11: =[3]STR!$X11 -> FALSE
A12: 46265 | B12: JHON VICTOR SUEBU | C12: JCU2493 | D12: 491401020852539 | E12: SEDANG | F12: Tidak | G12: Tidak | H12: Tidak | I12: Narkotika - Area Lapas | J12: 48 | K12: 48 | L12: Narkotika | M12: UNIT ENTROP JAYAPURA | N12: KC Jayapura | O12: KANWIL JAYAPURA | P12: Tidak | Q12: Ya | R12: Done | S12: Pending Checker | T12: 90186796 - Devito Arya Wiradila | U12: "-" | V12: Rinaldi Wicaksana | W12: 18 Agustus | X12: =[3]STR!$X12 -> TRUE
A13: 46265 | B13: DARNI | C13: DJS4177 | D13: 31001112600503 | E13: SEDANG | F13: Tidak | G13: Tidak | H13: Tidak | I13: Pencurian Rekening | J13: 47 | K13: 59 | L13: Perbankan | M13: KC Sorong | N13: KC Sorong | O13: KANWIL JAYAPURA | P13: Tidak | Q13: Tidak | R13: Done | S13: Pending Checker | T13: 90186790 - Muhammad Alfin Farha | U13: "-" | V13: Rinaldi Wicaksana | W13: 26 Agustus | X13: =[3]STR!$X13 -> TRUE
A14: 46265 | B14: AMAN JAYA | C14: ACSV920 | D14: 68701001351565 | E14: SEDANG | F14: Tidak | G14: Tidak | H14: Tidak | I14: Perpajakan | J14: 48 | K14: 1.33 | L14: Perpajakan | M14: KC Nabire | N14: KC Nabire | O14: KANWIL JAYAPURA | P14: Tidak | Q14: Tidak | R14: Done | S14: Pending Checker | T14: 90185537 - Moh.Khoerul Fajar Ar | U14: "-" | V14: Rinaldi Wicaksana | W14: 21 Agustus | X14: =[3]STR!$X14 -> TRUE
A15: 46265 | B15: ADJIE DJAFLIN KOSSAH | C15: AMXQ209 | D15: 56101060306509 | E15: SEDANG | F15: Tidak | G15: Tidak | H15: Tidak | I15: Narkotika - Area Lapas | J15: 53 | K15: 48 | L15: Narkotika | M15: KC Timika | N15: KC Timika | O15: KANWIL JAYAPURA | P15: Tidak | Q15: Tidak | R15: Done | S15: Approved | T15: 90185538 - Muhammad Fahikal Auz | U15: "-" | V15: Sebelum ada RAC | X15: =[3]STR!$X15 -> TRUE
A16: 46265 | B16: DELY NAINGGOLAN | C16: D448119 | D16: 0 | E16: TINGGI | F16: Tidak | G16: Tidak | H16: Tidak | I16: Private or Priority Customer Investment | J16: 78 | K16: 93 | L16: Pasar Modal | M16: KC Jayapura | N16: KC Jayapura | O16: KANWIL JAYAPURA | P16: Tidak | Q16: Tidak | R16: Done | S16: Approved | T16: 00394521 - Muhammad Hibbanduta | U16: "-" | V16: Sebelum ada RAC | X16: =[3]STR!$X16 -> TRUE

Sheet EDD PEP PPATK
D1: 46280
A2: No. | B2: Unit Kerja | C2: PIC RAC | D2: %TL PEP Done | E2: Average
A3: 1 | B3: KC Abepura | C3: Rinaldi Wicaksana | D3: =_xlfn.XLOOKUP(B3, [1]PEP!$B:$B,[1]PEP!$G:$G) -> 0.95714286 | E3: =AVERAGE(D3:D15) -> 0.97698247
A4: 2 | B4: KC Biak | C4: Rinaldi Wicaksana | D4: =_xlfn.XLOOKUP(B4, [1]PEP!$B:$B,[1]PEP!$G:$G) -> 1
A5: 3 | B5: KC Bintuni | C5: Rinaldi Wicaksana | D5: =_xlfn.XLOOKUP(B5, [1]PEP!$B:$B,[1]PEP!$G:$G) -> 1
A6: 4 | B6: KC FakFak | C6: Rinaldi Wicaksana | D6: =_xlfn.XLOOKUP(B6, [1]PEP!$B:$B,[1]PEP!$G:$G) -> 1
A7: 5 | B7: KC Jayapura | C7: Rinaldi Wicaksana | D7: =_xlfn.XLOOKUP(B7, [1]PEP!$B:$B,[1]PEP!$G:$G) -> 0.94594595
A8: 6 | B8: KC Manokwari | C8: Rinaldi Wicaksana | D8: =_xlfn.XLOOKUP(B8, [1]PEP!$B:$B,[1]PEP!$G:$G) -> 1
A9: 7 | B9: KC Merauke | C9: Rinaldi Wicaksana | D9: =_xlfn.XLOOKUP(B9, [1]PEP!$B:$B,[1]PEP!$G:$G) -> 0.93548387
A10: 8 | B10: KC Nabire | C10: Rinaldi Wicaksana | D10: =_xlfn.XLOOKUP(B10, [1]PEP!$B:$B,[1]PEP!$G:$G) -> 1
A11: 9 | B11: KC Sentani | C11: Rinaldi Wicaksana | D11: =_xlfn.XLOOKUP(B11, [1]PEP!$B:$B,[1]PEP!$G:$G) -> 1
A12: 10 | B12: KC Serui | C12: Rinaldi Wicaksana | D12: =_xlfn.XLOOKUP(B12, [1]PEP!$B:$B,[1]PEP!$G:$G) -> 0.91666667
A13: 11 | B13: KC Sorong | C13: Rinaldi Wicaksana | D13: =_xlfn.XLOOKUP(B13, [1]PEP!$B:$B,[1]PEP!$G:$G) -> 0.98901099
A14: 12 | B14: KC Timika | C14: Rinaldi Wicaksana | D14: =_xlfn.XLOOKUP(B14, [1]PEP!$B:$B,[1]PEP!$G:$G) -> 0.95652174
A15: 13 | B15: KC Wamena | C15: Rinaldi Wicaksana | D15: =_xlfn.XLOOKUP(B15, [1]PEP!$B:$B,[1]PEP!$G:$G) -> 1

Sheet Pengkinian Data
D1: 46280
A2: No. | B2: Unit Kerja | C2: PIC RAC | D2: %Pengkinian Data | E2: Average
A3: 1 | B3: KC Abepura | C3: Rinaldi Wicaksana | D3: =_xlfn.XLOOKUP(B3,'[1]Pengkinian Data'!$B:$B,'[1]Pengkinian Data'!$E:$E) -> 1 | E3: =AVERAGE(D3:D15) -> 0.99578462
A4: 2 | B4: KC Biak | C4: Rinaldi Wicaksana | D4: =_xlfn.XLOOKUP(B4,'[1]Pengkinian Data'!$B:$B,'[1]Pengkinian Data'!$E:$E) -> 0.974
A5: 3 | B5: KC Bintuni | C5: Rinaldi Wicaksana | D5: =_xlfn.XLOOKUP(B5,'[1]Pengkinian Data'!$B:$B,'[1]Pengkinian Data'!$E:$E) -> 1
A6: 4 | B6: KC FakFak | C6: Rinaldi Wicaksana | D6: =_xlfn.XLOOKUP(B6,'[1]Pengkinian Data'!$B:$B,'[1]Pengkinian Data'!$E:$E) -> 1
A7: 5 | B7: KC Jayapura | C7: Rinaldi Wicaksana | D7: =_xlfn.XLOOKUP(B7,'[1]Pengkinian Data'!$B:$B,'[1]Pengkinian Data'!$E:$E) -> 0.9996
A8: 6 | B8: KC Manokwari | C8: Rinaldi Wicaksana | D8: =_xlfn.XLOOKUP(B8,'[1]Pengkinian Data'!$B:$B,'[1]Pengkinian Data'!$E:$E) -> 0.9836
A9: 7 | B9: KC Merauke | C9: Rinaldi Wicaksana | D9: =_xlfn.XLOOKUP(B9,'[1]Pengkinian Data'!$B:$B,'[1]Pengkinian Data'!$E:$E) -> 0.9972
A10: 8 | B10: KC Nabire | C10: Rinaldi Wicaksana | D10: =_xlfn.XLOOKUP(B10,'[1]Pengkinian Data'!$B:$B,'[1]Pengkinian Data'!$E:$E) -> 0.9972
A11: 9 | B11: KC Sentani | C11: Rinaldi Wicaksana | D11: =_xlfn.XLOOKUP(B11,'[1]Pengkinian Data'!$B:$B,'[1]Pengkinian Data'!$E:$E) -> 1
A12: 10 | B12: KC Serui | C12: Rinaldi Wicaksana | D12: =_xlfn.XLOOKUP(B12,'[1]Pengkinian Data'!$B:$B,'[1]Pengkinian Data'!$E:$E) -> 1
A13: 11 | B13: KC Sorong | C13: Rinaldi Wicaksana | D13: =_xlfn.XLOOKUP(B13,'[1]Pengkinian Data'!$B:$B,'[1]Pengkinian Data'!$E:$E) -> 0.9987
A14: 12 | B14: KC Timika | C14: Rinaldi Wicaksana | D14: =_xlfn.XLOOKUP(B14,'[1]Pengkinian Data'!$B:$B,'[1]Pengkinian Data'!$E:$E) -> 0.9949
A15: 13 | B15: KC Wamena | C15: Rinaldi Wicaksana | D15: =_xlfn.XLOOKUP(B15,'[1]Pengkinian Data'!$B:$B,'[1]Pengkinian Data'!$E:$E) -> 1

Sheet Bad Data
D1: 46280
A2: No. | B2: Unit Kerja | C2: PIC RAC | D2: %Bad Data | E2: Average
A3: 1 | B3: KC Abepura | C3: Rinaldi Wicaksana | D3: =_xlfn.XLOOKUP(B3, '[1]Bad Data'!$B:$B, '[1]Bad Data'!$D:$D) -> 0.00074 | E3: =AVERAGE(D3:D15) -> 0.0020084615
A4: 2 | B4: KC Biak | C4: Rinaldi Wicaksana | D4: =_xlfn.XLOOKUP(B4, '[1]Bad Data'!$B:$B, '[1]Bad Data'!$D:$D) -> 0.00186
A5: 3 | B5: KC Bintuni | C5: Rinaldi Wicaksana | D5: =_xlfn.XLOOKUP(B5, '[1]Bad Data'!$B:$B, '[1]Bad Data'!$D:$D) -> 0.00066
A6: 4 | B6: KC FakFak | C6: Rinaldi Wicaksana | D6: =_xlfn.XLOOKUP(B6, '[1]Bad Data'!$B:$B, '[1]Bad Data'!$D:$D) -> 0.00011
A7: 5 | B7: KC Jayapura | C7: Rinaldi Wicaksana | D7: =_xlfn.XLOOKUP(B7, '[1]Bad Data'!$B:$B, '[1]Bad Data'!$D:$D) -> 0.00048
A8: 6 | B8: KC Manokwari | C8: Rinaldi Wicaksana | D8: =_xlfn.XLOOKUP(B8, '[1]Bad Data'!$B:$B, '[1]Bad Data'!$D:$D) -> 0.00172
A9: 7 | B9: KC Merauke | C9: Rinaldi Wicaksana | D9: =_xlfn.XLOOKUP(B9, '[1]Bad Data'!$B:$B, '[1]Bad Data'!$D:$D) -> 0.00702
A10: 8 | B10: KC Nabire | C10: Rinaldi Wicaksana | D10: =_xlfn.XLOOKUP(B10, '[1]Bad Data'!$B:$B, '[1]Bad Data'!$D:$D) -> 0.00142
A11: 9 | B11: KC Sentani | C11: Rinaldi Wicaksana | D11: =_xlfn.XLOOKUP(B11, '[1]Bad Data'!$B:$B, '[1]Bad Data'!$D:$D) -> 0.00159
A12: 10 | B12: KC Serui | C12: Rinaldi Wicaksana | D12: =_xlfn.XLOOKUP(B12, '[1]Bad Data'!$B:$B, '[1]Bad Data'!$D:$D) -> 0.00052
A13: 11 | B13: KC Sorong | C13: Rinaldi Wicaksana | D13: =_xlfn.XLOOKUP(B13, '[1]Bad Data'!$B:$B, '[1]Bad Data'!$D:$D) -> 0.00092
A14: 12 | B14: KC Timika | C14: Rinaldi Wicaksana | D14: =_xlfn.XLOOKUP(B14, '[1]Bad Data'!$B:$B, '[1]Bad Data'!$D:$D) -> 0.00898
A15: 13 | B15: KC Wamena | C15: Rinaldi Wicaksana | D15: =_xlfn.XLOOKUP(B15, '[1]Bad Data'!$B:$B, '[1]Bad Data'!$D:$D) -> 9e-05

Sheet Sosialisasi
A1: No. | B1: Unit Kerja | C1: PIC RAC | D1: Materi* | E1: Tanggal Rencana Pelaksanaan | F1: Tanggal Pelaksanaan* | G1: Jumlah Peserta* | H1: Jabatan Peserta* | I1: Dokumen Evidence**
A2: 1 | B2: KC Balige
A3: 2 | B3: KC Binjai
A4: 3 | B4: KC Gunung Sitoli
A5: 4 | B5: KC Kabanjahe
A6: 5 | B6: KC Kisaran
A7: 6 | B7: KC Kota Pinang
A8: 7 | B8: KC Lubuk Pakam
A9: 8 | B9: KC Medan Gatot Subroto
A10: 9 | B10: KC Medan Iskandar Muda
A11: 10 | B11: KC Medan Putri Hijau
A12: 11 | B12: KC Medan Sisingamangaraja
A13: 12 | B13: KC Medan Thamrin
... A25: 24 | B25: KC Tebing Tinggi
B27: Keterangan:
B28: *Diisi jika telah dilaksanakan
B29: **https://bbri.id/MonevaRAC
B31: Evidence terdiri dari:
B32: 1. Dokumentasi Foto
B33: 2. Berita Acara
B34: 3. Absensi
B35: 4. Materi Sosisalisasi
B36: 5. List Pertanyaan

Sheet Uji Petik
A1: No. | B1: Unit Kerja | C1: PIC RAC | D1: Rencana Pelaksanaan | E1: Tanggal Pelaksanaan* | F1: Dokumen Evidence**
B29: Keterangan:
B30: *Diisi jika telah dilaksanakan
B31: **https://bri2-my.sharepoint.com/:f:/g/personal/00136153_hq_bri_co_id/IgAdamfSWVWjSYRPLrn7s4h-AcmMWh2cssSPT1wRNni0aA4?e=v1nbdf
B34: Evidence terdiri dari:
B35: 1. Dokumentasi Foto
B36: 2. Berita Acara
B37: 3. Absensi
B38: 4.Kertas Kerja
B39: 5. Laporan Uji Petik

Sheet Nilai Maturitas
A1: No. | B1: Unit Kerja | C1: PIC RAC | D1: Nilai maturitas | E1: Nilai maturitas | F1: Rating maturitas
A2: 1 | B2: BO Abepura | C2: Rinaldi Wicaksana | D2: 7.9455851 | E2: =AVERAGE(D2:D14) -> 8.0624776 | F2: AB
A3: 2 | B3: BO Biak | C3: Rinaldi Wicaksana | D3: 6.9838203
A4: 3 | B4: BO Bintuni | C4: Rinaldi Wicaksana | D4: 9.2381781
A5: 4 | B5: BO Fak-Fak | C5: Rinaldi Wicaksana | D5: 8.1424091
A6: 5 | B6: BO Jayapura | C6: Rinaldi Wicaksana | D6: 8.7393719
A7: 6 | B7: BO Manokwari | C7: Rinaldi Wicaksana | D7: 8.1043819
A8: 7 | B8: BO Merauke | C8: Rinaldi Wicaksana | D8: 8.8788164
A9: 8 | B9: BO Nabire | C9: Rinaldi Wicaksana | D9: 8.2952004
A10: 9 | B10: BO Sentani | C10: Rinaldi Wicaksana | D10: 7.6711879
A11: 10 | B11: BO Serui | C11: Rinaldi Wicaksana | D11: 6.4223743
A12: 11 | B12: BO Sorong | C12: Rinaldi Wicaksana | D12: 6.3610134
A13: 12 | B13: BO Timika | C13: Rinaldi Wicaksana | D13: 9.4777113
A14: 13 | B14: BO Wamena | C14: Rinaldi Wicaksana | D14: 8.5521585

Sheet Penilaian Resiko
A1: No. | B1: Unit Kerja | C1: PIC RAC | D1: Nilai Risiko | E1: Nilai Risiko PIC | F1: Rating Risiko PIC
A2: 1 | B2: BO Abepura | C2: Rinaldi Wicaksana | D2: 4.5 | E2: =AVERAGE(D2:D14) -> 4.5103973 | F2: Medium
A3: 2 | B3: BO Biak | C3: Rinaldi Wicaksana | D3: 4.6904158
A4: 3 | B4: BO Bintuni | C4: Rinaldi Wicaksana | D4: 3.968627
A5: 4 | B5: BO Fak-Fak | C5: Rinaldi Wicaksana | D5: 4.3874822
A6: 5 | B6: BO Jayapura | C6: Rinaldi Wicaksana | D6: 4.9749372
A7: 6 | B7: BO Manokwari | C7: Rinaldi Wicaksana | D7: 4.5825757
A8: 7 | B8: BO Merauke | C8: Rinaldi Wicaksana | D8: 4.8989795
A9: 8 | B9: BO Nabire | C9: Rinaldi Wicaksana | D9: 4.769696
A10: 9 | B10: BO Sentani | C10: Rinaldi Wicaksana | D10: 4.7434165
A11: 10 | B11: BO Serui | C11: Rinaldi Wicaksana | D11: 4.1833001
A12: 11 | B12: BO Sorong | C12: Rinaldi Wicaksana | D12: 4.1833001
A13: 12 | B13: BO Timika | C13: Rinaldi Wicaksana | D13: 4.6904158
A14: 13 | B14: BO Wamena | C14: Rinaldi Wicaksana | D14: 4.0620192

Sheet Maturitas Dashboard
A1: No. | B1: Unit Kerja | C1: PIC RAC | D1: Nilai Maturitas | E1: Nilai Maturitas PIC | F1: Rating Maturitas PIC
A2: 1 | B2: BO Abepura | C2: Rinaldi Wicaksana | D2: 7.625 | E2: =AVERAGE(D2:D14) -> 7.4807692 | F2: Baik
A3: 2 | B3: BO Biak | C3: Rinaldi Wicaksana | D3: 6.625
A4: 3 | B4: BO Bintuni | C4: Rinaldi Wicaksana | D4: 8.125
A5: 4 | B5: BO Fak-Fak | C5: Rinaldi Wicaksana | D5: 8.125
A6: 5 | B6: BO Jayapura | C6: Rinaldi Wicaksana | D6: 6.625
A7: 6 | B7: BO Manokwari | C7: Rinaldi Wicaksana | D7: 8.125
A8: 7 | B8: BO Merauke | C8: Rinaldi Wicaksana | D8: 7.125
A9: 8 | B9: BO Nabire | C9: Rinaldi Wicaksana | D9: 7.125
A10: 9 | B10: BO Sentani | C10: Rinaldi Wicaksana | D10: 8.125
A11: 10 | B11: BO Serui | C11: Rinaldi Wicaksana | D11: 7.625
A12: 11 | B12: BO Sorong | C12: Rinaldi Wicaksana | D12: 8.125
A13: 12 | B13: BO Timika | C13: Rinaldi Wicaksana | D13: 6.75
A14: 13 | B14: BO Wamena | C14: Rinaldi Wicaksana | D14: 7.125

Sheet Overview
A2: No | B2: Aspek Penilaian | C2: Rinaldi Wicaksana
C3: Nilai | D3: Bobotan | E3: Score
A4: 1 | B4: STR | C4: =IFERROR(COUNTIFS(STR!$V:$V, Overview!C$2, STR!$X:$X, "TRUE")/COUNTIFS(STR!$V:$V, Overview!C2), 0) -> 0.38461538 | D4: 0.15 | E4: =D4*C4 -> 0.057692308
A5: 2 | B5: Bad Data | C5: =1-AVERAGEIF('Bad Data'!$C:$C, Overview!C$2, 'Bad Data'!$D:$D) -> 0.99799154 | D5: 0.1 | E5: =D5*C5 -> 0.099799154
A6: 3 | B6: Pengkinian Data | C6: =AVERAGEIF('Pengkinian Data'!$C:$C, Overview!C$2, 'Pengkinian Data'!$D:$D) -> 0.99578462 | D6: 0.1 | E6: =D6*C6 -> 0.099578462 | L6: .
A7: 4 | B7: Uji Petik | C7: {=IFERROR(SUMPRODUCT(--('[3]Uji Petik'!$E$3:$E$73<>""), --('[3]Uji Petik'!$C$3:$C$73=C2)) / SUMPRODUCT(--('[3]Uji Petik'!$C$3:$C$73=C2)), 0)} -> 0 | D7: 0 | E7: =D7*C7 -> 0
A8: 5 | B8: Sosialisasi | C8: {=IFERROR(AVERAGE(IF([1]Sosialisasi!$C$1:$C$10000=C2, [1]Sosialisasi!$D$1:$D$10000)), 0)} -> 0.15384615 | D8: 0.15 | E8: =D8*C8 -> 0.023076923
A9: 6 | B9: EDD | C9: =AVERAGEIF('EDD PEP PPATK'!$C:$C, Overview!C$2, 'EDD PEP PPATK'!$D:$D) -> 0.97698247 | D9: 0.1 | E9: =D9*C9 -> 0.097698247
A10: 7 | B10: Self Learning Keikutsertaan | C10: {=IF(IFERROR(AVERAGE(IF('[1]Sheet2 (2)'!$C$1:$C$10000=C$2, '[1]Sheet2 (2)'!$D$1:$D$10000)), 0)>0.9, 1, IFERROR(AVERAGE(IF('[1]Sheet2 (2)'!$C$1:$C$10000=C$2, '[1]Sheet2 (2)'!$D$1:$D$10000)), 0))} -> 0.87977144 | D10: 0.05 | E10: =D10*C10 -> 0.043988572
A11: 8 | B11: Self Learning Score | C11: {=IF(IFERROR(AVERAGE(IF('[1]Sheet2 (3)'!$C$1:$C$10000=C2, '[1]Sheet2 (3)'!$D$1:$D$10000)), 0)>90, 1, IFERROR(AVERAGE(IF('[1]Sheet2 (3)'!$C$1:$C$10000=C2, '[1]Sheet2 (3)'!$D$1:$D$10000)), 0)/90)} -> 1 | D11: 0.05 | E11: =D11*C11 -> 0.05
A12: 9 | B12: Maturitas | C12: =IF(AVERAGEIF('Nilai Maturitas'!$C:$C, Overview!C2, 'Nilai Maturitas'!$D:$D) > 8, 110%, AVERAGEIF('Nilai Maturitas'!$C:$C, Overview!C2, 'Nilai Maturitas'!$D:$D)/8*100%) -> 1.1 | D12: 0.1 | E12: =D12*C12 -> 0.11
A13: 10 | B13: Maturitas Dashboard | C13: =IF(AVERAGEIF('Maturitas Dashboard'!$C:$C, Overview!C$2, 'Maturitas Dashboard'!$D:$D) > 8, 110%, AVERAGEIF('Maturitas Dashboard'!$C:$C, Overview!C$2, 'Maturitas Dashboard'!$D:$D)/8*100%) -> 0.93509615 | D13: 0.1 | E13: =D13*C13 -> 0.093509615
A14: 11 | B14: Penilaian Resiko | C14: =IF(AVERAGEIF('Penilaian Resiko'!$C:$C, Overview!C$2, 'Penilaian Resiko'!$D:$D) < 5.8, 110%, IF(AVERAGEIF('Penilaian Resiko'!$C:$C, Overview!C$2, 'Penilaian Resiko'!$D:$D) <7.4, 3/4*100%, 3/5*100%)) -> 1.1 | D14: 0.1 | E14: =D14*C14 -> 0.11
C15: Progress | E15: =SUM(E4:E14) -> 0.78534328

Sheet Overview tanpa KPI
A2: No | B2: Aspek Penilaian | C2: Rinaldi Wicaksana
C3: Nilai | D3: Bobotan | E3: Score
A4: 1 | B4: STR | C4: =IFERROR(COUNTIFS(STR!$V:$V, 'Overview tanpa KPI'!C$2, STR!$X:$X, "TRUE")/COUNTIFS(STR!$V:$V, 'Overview tanpa KPI'!C2), 0) -> 0.38461538 | D4: 0.15 | E4: =D4*C4 -> 0.057692308
A5: 2 | B5: Bad Data | C5: =1-AVERAGEIF('Bad Data'!$C:$C, 'Overview tanpa KPI'!C$2, 'Bad Data'!$D:$D) -> 0.99799154 | D5: 0.1 | E5: =D5*C5 -> 0.099799154
A6: 3 | B6: Pengkinian Data | C6: =AVERAGEIF('Pengkinian Data'!$C:$C, 'Overview tanpa KPI'!C$2, 'Pengkinian Data'!$D:$D) -> 0.99578462 | D6: 0.1 | E6: =D6*C6 -> 0.099578462 | L6: .
A7: 4 | B7: Uji Petik | C7: {=IFERROR(SUMPRODUCT(--('[3]Uji Petik'!$E$3:$E$73<>""), --('[3]Uji Petik'!$C$3:$C$73=C2)) / SUMPRODUCT(--('[3]Uji Petik'!$C$3:$C$73=C2)), 0)} -> 0 | D7: 0 | E7: =D7*C7 -> 0
A8: 5 | B8: Sosialisasi | C8: {=IFERROR(AVERAGE(IF([1]Sosialisasi!$C$1:$C$10000=C2, [1]Sosialisasi!$D$1:$D$10000)), 0)} -> 0.15384615 | D8: 0.15 | E8: =D8*C8 -> 0.023076923
A9: 6 | B9: EDD | C9: =AVERAGEIF('EDD PEP PPATK'!$C:$C, 'Overview tanpa KPI'!C$2, 'EDD PEP PPATK'!$D:$D) -> 0.97698247 | D9: 0.1 | E9: =D9*C9 -> 0.097698247
A10: 7 | B10: Self Learning Keikutsertaan | C10: {=IFERROR(AVERAGE(IF('[1]Sheet2 (2)'!$C$1:$C$10000=C$2, '[1]Sheet2 (2)'!$D$1:$D$10000)), 0)} -> 0.87977144 | D10: 0.05 | E10: =D10*C10 -> 0.043988572
A11: 8 | B11: Self Learning Score | C11: {=IFERROR(AVERAGE(IF('[1]Sheet2 (3)'!$C$1:$C$10000=C2, '[1]Sheet2 (3)'!$D$1:$D$10000)), 0)} -> 97.62405 | D11: 0.05 | E11: =D11*C11 -> 4.8812025
A12: 9 | B12: Maturitas | C12: =AVERAGEIF('Nilai Maturitas'!$C:$C, 'Overview tanpa KPI'!C2, 'Nilai Maturitas'!$D:$D) -> 8.0624776 | D12: 0.1 | E12: =D12*C12 -> 0.80624776
A13: 10 | B13: Maturitas Dashboard | C13: =AVERAGEIF('Maturitas Dashboard'!$C:$C, 'Overview tanpa KPI'!C$2, 'Maturitas Dashboard'!$D:$D) -> 7.4807692 | D13: 0.1 | E13: =D13*C13 -> 0.74807692
A14: 11 | B14: Penilaian Resiko | C14: =AVERAGEIF('Penilaian Resiko'!$C:$C, 'Overview tanpa KPI'!C$2, 'Penilaian Resiko'!$D:$D) -> 4.5103973 | D14: 0.1 | E14: =D14*C14 -> 0.45103973
C15: Progress | E15: =SUM(E4:E14) -> 7.3084006
