Workbook

Sheet STR
A1: POSISI | B1: NAMA | C1: CIF | D1: No Rek/ Kartu Kredit | E1: RESIKO | F1: BRILINK | G1: STATUS PEKERJA | H1: DIGITAL SAVING | I1: SKENARIO | J1: SCORING | K1: INFO PARAM | L1: KATEGORI | M1: UNIT KERJA | N1: KANTOR CABANG | O1: KANTOR KANWIL | P1: REKOMENDASI UKER | Q1: REKOMENDASI UKK | R1: STATUS UKER | S1: STATUS | T1: DISPOSISI | U1: INFO LAINNYA | V1: Disposisi RAC | W1: Tanggal | X1: Status TL
A2: {=_xlfn._xlws.FILTER('[2]STR-2026-8-2026-8'!$A:$U, ISNUMBER(SEARCH("Yogyakarta", '[2]STR-2026-8-2026-8'!$O:$O)), "")} -> 46265 | B2: AHMAD SULISTIYANTO | C2: AULH179 | D2: 61401014387502 | E2: 0 | F2: Tidak | G2: Tidak | H2: 0 | I2: Jual Beli Rekening - E channel Trx | J2: 33 | K2: 113 | L2: Narkotika/Judi Online/Penipuan | M2: KCP SHOPPING MAGELANG | N2: KC Magelang | O2: Yogyakarta | P2: 0 | Q2: 0 | R2: Belum TL | S2: Belum TL | T2: 0 | U2: "-" | V2: =IF([3]STR!$V2 = "", "", [3]STR!$V2) -> Waras Suyitno | X2: =[3]STR!$X2 -> TRUE | Z2: =_xlfn.XLOOKUP(TRIM(B2), [4]STR!$2:$2, [4]STR!$44:$44, "")
A3: 46265 | B3: CV GEMA SEJAHTERA | C3: CQ97288 | D3: 7701800800566 | E3: SEDANG | F3: Tidak | G3: Tidak | H3: Tidak | I3: Perpajakan | J3: 50 | K3: 41 | L3: Perpajakan | M3: KC Purwokerto | N3: KC Purwokerto | O3: Yogyakarta | P3: 0 | Q3: 0 | R3: Belum TL | S3: Belum TL | T3: 90185537 - Moh.Khoerul Fajar Ar | U3: "-" | V3: =IF([3]STR!$V3 = "", "", [3]STR!$V3) -> Dian Septianti | X3: =[3]STR!$X3 -> TRUE | Z3: =_xlfn.XLOOKUP(TRIM(B3), [4]STR!$2:$2, [4]STR!$44:$44, "")
A4: 46265 | B4: EKO SUPRIYADI | C4: EH75673 | D4: 661401000027560 | E4: TINGGI | F4: Ya | G4: Tidak | H4: Tidak | I4: Perpajakan | J4: 73 | K4: 1.33 | L4: Perpajakan | M4: UNIT BATUR WONOSOBO | N4: KC Wonosobo | O4: Yogyakarta | P4: 0 | Q4: 0 | R4: Belum TL | S4: Belum TL | T4: 90150130 - Intan Aida Pratiwi | U4: "-" | V4: =IF([3]STR!$V4 = "", "", [3]STR!$V4) -> Asep Kristiono | W4: 46335 | X4: =[3]STR!$X4 -> TRUE | Z4: =_xlfn.XLOOKUP(TRIM(B4), [4]STR!$2:$2, [4]STR!$44:$44, "")
A5: 46265 | B5: FEBRILIYANTI | C5: FX09103 | D5: 4801112556507 | E5: 0 | F5: Tidak | G5: Tidak | H5: 0 | I5: Jual Beli Rekening - E channel Trx | J5: 33 | K5: 113 | L5: Narkotika/Judi Online/Penipuan | M5: KC Magelang | N5: KC Magelang | O5: Yogyakarta | P5: 0 | Q5: 0 | R5: Belum TL | S5: Belum TL | T5: 0 | U5: "-" | V5: =IF([3]STR!$V5 = "", "", [3]STR!$V5) -> Waras Suyitno | X5: =[3]STR!$X5 -> TRUE | Z5: =_xlfn.XLOOKUP(TRIM(B5), [4]STR!$2:$2, [4]STR!$44:$44, "")
A6: 46265 | B6: MUTIARA RITELINDO SEMBADA | C6: MFDJS71 | D6: 40901001367302 | E6: 0 | F6: Tidak | G6: Tidak | H6: Tidak | I6: Perpajakan | J6: 33 | K6: 41 | L6: Perpajakan | M6: KC Yogyakarta Mlati | N6: KC Yogyakarta Mlati | O6: Yogyakarta | P6: 0 | Q6: 0 | R6: Belum TL | S6: Belum TL | T6: 00394520 - Frida Akbar Rani | U6: "-" | V6: =IF([3]STR!$V6 = "", "", [3]STR!$V6) -> Dian Septianti | X6: =[3]STR!$X6 -> TRUE | Z6: =_xlfn.XLOOKUP(TRIM(B6), [4]STR!$2:$2, [4]STR!$44:$44, "")
A7: 46265 | B7: MUHAMMAD FATHUN NADJA | C7: MPVT467 | D7: 4801112557503 | E7: 0 | F7: Tidak | G7: Tidak | H7: 0 | I7: Jual Beli Rekening - E channel Trx | J7: 33 | K7: 113 | L7: Narkotika/Judi Online/Penipuan | M7: KC Magelang | N7: KC Magelang | O7: Yogyakarta | P7: 0 | Q7: 0 | R7: Belum TL | S7: Belum TL | T7: 0 | U7: "-" | V7: =IF([3]STR!$V7 = "", "", [3]STR!$V7) -> Waras Suyitno | X7: =[3]STR!$X7 -> FALSE | Z7: =_xlfn.XLOOKUP(TRIM(B7), [4]STR!$2:$2, [4]STR!$44:$44, "")
A8: 46265 | B8: NOER SHOLIHIN | C8: NDJG374 | D8: 677001010607504 | E8: 0 | F8: Tidak | G8: Tidak | H8: 0 | I8: Jual Beli Rekening - E channel Trx | J8: 33 | K8: 113 | L8: Narkotika/Judi Online/Penipuan | M8: UNIT WINDUSARI MAGELANG | N8: KC Magelang | O8: Yogyakarta | P8: 0 | Q8: 0 | R8: Belum TL | S8: Belum TL | T8: 0 | U8: "-" | V8: =IF([3]STR!$V8 = "", "", [3]STR!$V8) -> Waras Suyitno | X8: =[3]STR!$X8 -> FALSE | Z8: =_xlfn.XLOOKUP(TRIM(B8), [4]STR!$2:$2, [4]STR!$44:$44, "")
A9: 46265 | B9: PT KONDANG SEHAT KASIHIBU | C9: PCS4615 | D9: 106301000553307 | E9: SEDANG | F9: Tidak | G9: Tidak | H9: Tidak | I9: Perpajakan | J9: 48 | K9: 41 | L9: Perpajakan | M9: KC Solo Baru | N9: KC Solo Baru | O9: Yogyakarta | P9: 0 | Q9: 0 | R9: Belum TL | S9: Belum TL | T9: 90170665 - Mutiara Ayuningtyas | U9: "-" | V9: =IF([3]STR!$V9 = "", "", [3]STR!$V9) -> Asep Kristiono | W9: 14/09/2026 | X9: =[3]STR!$X9 -> TRUE | Z9: =_xlfn.XLOOKUP(TRIM(B9), [4]STR!$2:$2, [4]STR!$44:$44, "")
A10: 46265 | B10: PANDANARAN BERKAH JAYA | C10: PKR9252 | D10: 61201000395565 | E10: SEDANG | F10: Tidak | G10: Tidak | H10: Tidak | I10: Perpajakan | J10: 50 | K10: 41 | L10: Perpajakan | M10: KCP PEDAN | N10: KC Klaten | O10: Yogyakarta | P10: 0 | Q10: 0 | R10: Belum TL | S10: Belum TL | T10: 00394520 - Frida Akbar Rani | U10: "-" | V10: =IF([3]STR!$V10 = "", "", [3]STR!$V10) -> Asep Kristiono | X10: =[3]STR!$X10 -> TRUE | Z10: =_xlfn.XLOOKUP(TRIM(B10), [4]STR!$2:$2, [4]STR!$44:$44, "")
A11: 46265 | B11: RIZKY LANGIT RAMADHAN | C11: RAXH818 | D11: 4801112544500 | E11: 0 | F11: Tidak | G11: Tidak | H11: 0 | I11: Jual Beli Rekening - E channel Trx | J11: 33 | K11: 113 | L11: Narkotika/Judi Online/Penipuan | M11: KC Magelang | N11: KC Magelang | O11: Yogyakarta | P11: 0 | Q11: 0 | R11: Belum TL | S11: Belum TL | T11: 0 | U11: "-" | V11: =IF([3]STR!$V11 = "", "", [3]STR!$V11) -> Waras Suyitno | X11: =[3]STR!$X11 -> FALSE | Z11: =_xlfn.XLOOKUP(TRIM(B11), [4]STR!$2:$2, [4]STR!$44:$44, "")
A12: 46265 | B12: TRI LESTIYO | C12: TK13409 | D12: 203401000502560 | E12: SEDANG | F12: Tidak | G12: Tidak | H12: Tidak | I12: Narkotika - Area Lapas | J12: 50 | K12: 46 | L12: Narkotika | M12: KCP BOBOTSARI | N12: KC Purbalingga | O12: Yogyakarta | P12: 0 | Q12: 0 | R12: Belum TL | S12: Belum TL | T12: 90150130 - Intan Aida Pratiwi | U12: "-" | V12: =IF([3]STR!$V12 = "", "", [3]STR!$V12) -> Asep Kristiono | W12: 14/09/2026 | X12: =[3]STR!$X12 -> TRUE | Z12: =_xlfn.XLOOKUP(TRIM(B12), [4]STR!$2:$2, [4]STR!$44:$44, "")
A13: 46265 | B13: TABAH ARIS NURJAMAN | C13: TY72364 | D13: 40901060840509 | E13: 0 | F13: Tidak | G13: Tidak | H13: 0 | I13: Jual Beli Rekening - E channel Trx | J13: 43 | K13: 113 | L13: Narkotika/Judi Online/Penipuan | M13: KC Yogyakarta Mlati | N13: KC Yogyakarta Mlati | O13: Yogyakarta | P13: 0 | Q13: 0 | R13: Belum TL | S13: Belum TL | T13: 0 | U13: "-" | V13: =IF([3]STR!$V13 = "", "", [3]STR!$V13) -> Dian Septianti | X13: =[3]STR!$X13 -> TRUE | Z13: =_xlfn.XLOOKUP(TRIM(B13), [4]STR!$2:$2, [4]STR!$44:$44, "")
A14: 46265 | B14: UMI SALIMATUL KHUSNA | C14: UO77915 | D14: 799101002411506 | E14: 0 | F14: Tidak | G14: Tidak | H14: 0 | I14: Jual Beli Rekening - E channel Trx | J14: 33 | K14: 113 | L14: Narkotika/Judi Online/Penipuan | M14: UNIT KRASAK MAGELANG | N14: KC Magelang | O14: Yogyakarta | P14: 0 | Q14: 0 | R14: Belum TL | S14: Belum TL | T14: 0 | U14: "-" | V14: =IF([3]STR!$V14 = "", "", [3]STR!$V14) -> Waras Suyitno | X14: =[3]STR!$X14 -> FALSE | Z14: =_xlfn.XLOOKUP(TRIM(B14), [4]STR!$2:$2, [4]STR!$44:$44, "")
A15: 46265 | B15: YOYOK HERY WAHYONO, ST | C15: YGI8698 | D15: 40901001701564 | E15: SEDANG | F15: Tidak | G15: Tidak | H15: Tidak | I15: Narkotika/Psikotropika | J15: 50 | K15: 1,7,3 | L15: Narkotika/Psikotropika | M15: KC Muntilan | N15: KC Muntilan | O15: Yogyakarta | P15: 0 | Q15: 0 | R15: Belum TL | S15: Belum TL | T15: 90150130 - Intan Aida Pratiwi | U15: "-" | V15: =IF([3]STR!$V15 = "", "", [3]STR!$V15) -> Waras Suyitno | W15: 46304 | X15: =[3]STR!$X15 -> TRUE | Z15: =_xlfn.XLOOKUP(TRIM(B15), [4]STR!$2:$2, [4]STR!$44:$44, "")
A16: 46265 | B16: PERUM PEGADAIAN SLEMAN | C16: P035023 | D16: 24701000096304 | E16: SEDANG | F16: Tidak | G16: Tidak | H16: Tidak | I16: Narkotika - Area Lapas | J16: 49 | K16: 47 | L16: Narkotika | M16: KC Sleman | N16: KC Sleman | O16: Yogyakarta | P16: Tidak | Q16: 0 | R16: Pending Approver | S16: Belum TL | T16: 90186790 - Muhammad Alfin Farha | U16: "-" | V16: =IF([3]STR!$V16 = "", "", [3]STR!$V16) -> Dian Septianti | W16: 14/09/2026 | X16: =[3]STR!$X16 -> TRUE | Z16: =_xlfn.XLOOKUP(TRIM(B16), [4]STR!$2:$2, [4]STR!$44:$44, "")
A17: 46265 | B17: CITRA WULAN NUGRAHENINGTYAS | C17: CJ25811 | D17: 302201058027536 | E17: SEDANG | F17: Tidak | G17: Tidak | H17: Tidak | I17: Narkotika - Area Lapas | J17: 48 | K17: 47 | L17: Narkotika | M17: UNIT PAKEM SLEMAN | N17: KC Sleman | O17: Yogyakarta | P17: Tidak | Q17: 0 | R17: Done | S17: Belum TL | T17: 00394521 - Muhammad Hibbanduta | U17: "-" | V17: =IF([3]STR!$V17 = "", "", [3]STR!$V17) -> Dian Septianti | W17: 46335 | X17: =[3]STR!$X17 -> TRUE | Z17: =_xlfn.XLOOKUP(TRIM(B17), [4]STR!$2:$2, [4]STR!$44:$44, "")
A18: 46265 | B18: ARIF ROMDHON WAHYU KUSUMOJATI | C18: AIO8643 | D18: 24701020515508 | E18: TINGGI | F18: Tidak | G18: Tidak | H18: Tidak | I18: Narkotika - Area Lapas | J18: 73 | K18: 48 | L18: Narkotika | M18: KC Sleman | N18: KC Sleman | O18: Yogyakarta | P18: Tidak | Q18: Tidak | R18: Done | S18: Approved | T18: 00336949 - Mochammad Al Farabi | U18: "-" | V18: =IF([3]STR!$V18 = "", "", [3]STR!$V18) | X18: =[3]STR!$X18 -> FALSE | Y18: Dikerjakan Kanpus, oleh Frida Akbar Rani | Z18: =_xlfn.XLOOKUP(TRIM(B18), [4]STR!$2:$2, [4]STR!$44:$44, "")
A19: 46265 | B19: BANTU BISNIS UNTUNG | C19: BJP5391 | D19: 2901004289565 | E19: 0 | F19: Tidak | G19: Tidak | H19: Tidak | I19: Perpajakan | J19: 35 | K19: 41 | L19: Perpajakan | M19: KC Yogyakarta Cik Ditiro | N19: KC Yogyakarta Cik Ditiro | O19: Yogyakarta | P19: Tidak | Q19: Ya | R19: Done | S19: Approved | T19: 90186796 - Devito Arya Wiradila | U19: "-" | V19: =IF([3]STR!$V19 = "", "", [3]STR!$V19) -> Asep Kristiono | W19: 26/08/2026 | X19: =[3]STR!$X19 -> TRUE | Z19: =_xlfn.XLOOKUP(TRIM(B19), [4]STR!$2:$2, [4]STR!$44:$44, "") -> 3.3151786
A20: 46265 | B20: CALISTA NUR AZIZAH | C20: CP98442 | D20: 3501003573308 | E20: SEDANG | F20: Tidak | G20: Tidak | H20: Tidak | I20: Perpajakan | J20: 50 | K20: 1.33 | L20: Perpajakan | M20: KC Klaten | N20: KC Klaten | O20: Yogyakarta | P20: Tidak | Q20: Tidak | R20: Done | S20: Approved | T20: 90185538 - Muhammad Fahikal Auz | U20: "-" | V20: =IF([3]STR!$V20 = "", "", [3]STR!$V20) -> Waras Suyitno | W20: 20/08/2026 | X20: =[3]STR!$X20 -> TRUE | Z20: =_xlfn.XLOOKUP(TRIM(B20), [4]STR!$2:$2, [4]STR!$44:$44, "")
A21: 46265 | B21: CV AGRONUSA MANDIRI | C21: CD76545 | D21: 61201000852305 | E21: SEDANG | F21: Tidak | G21: Tidak | H21: Tidak | I21: Perpajakan | J21: 48 | K21: 41 | L21: Perpajakan | M21: KCP PEDAN | N21: KC Klaten | O21: Yogyakarta | P21: Tidak | Q21: Tidak | R21: Done | S21: Approved | T21: 90185537 - Moh.Khoerul Fajar Ar | U21: "-" | V21: =IF([3]STR!$V21 = "", "", [3]STR!$V21) -> Waras Suyitno | W21: 21/08/2026 | X21: =[3]STR!$X21 -> TRUE | Z21: =_xlfn.XLOOKUP(TRIM(B21), [4]STR!$2:$2, [4]STR!$44:$44, "")
A22: 46265 | B22: ELISABET DYAH ADIASTUTI | C22: DA71599 | D22: 685401017519530 | E22: TINGGI | F22: Tidak | G22: Ya | H22: Tidak | I22: Private or Priority Customer Investment | J22: 85 | K22: 93 | L22: Pasar Modal | M22: KC Yogyakarta Cik Ditiro | N22: KC Yogyakarta Cik Ditiro | O22: Yogyakarta | P22: Tidak | Q22: Tidak | R22: Done | S22: Approved | T22: 90150130 - Intan Aida Pratiwi | U22: "-" | V22: =IF([3]STR!$V22 = "", "", [3]STR!$V22) -> Asep Kristiono | W22: 18/08/2026 | X22: =[3]STR!$X22 -> TRUE | Z22: =_xlfn.XLOOKUP(TRIM(B22), [4]STR!$2:$2, [4]STR!$44:$44, "")
A23: 46265 | B23: DWI KUMOROWATI | C23: DCU3075 | D23: 5.326599e+15 | E23: SEDANG | F23: Tidak | G23: Tidak | H23: Tidak | I23: Private or Priority Customer Investment | J23: 68 | K23: 93 | L23: Pasar Modal | M23: KC Yogyakarta Cik Ditiro | N23: KC Yogyakarta Cik Ditiro | O23: Yogyakarta | P23: Tidak | Q23: Tidak | R23: Done | S23: Approved | T23: 00336949 - Mochammad Al Farabi | U23: "-" | V23: =IF([3]STR!$V23 = "", "", [3]STR!$V23) | X23: =[3]STR!$X23 -> FALSE | Y23: Dikerjakan Kanpus, oleh Frida Akbar Rani | Z23: =_xlfn.XLOOKUP(TRIM(B23), [4]STR!$2:$2, [4]STR!$44:$44, "")
A24: 46265 | B24: SUKSES BERSAMA KOMPUTAMA | C24: SGUUR03 | D24: 2901003085308 | E24: SEDANG | F24: Tidak | G24: Tidak | H24: Tidak | I24: Perpajakan | J24: 48 | K24: 41 | L24: Perpajakan | M24: KC Yogyakarta Cik Ditiro | N24: KC Yogyakarta Cik Ditiro | O24: Yogyakarta | P24: Tidak | Q24: Tidak | R24: Done | S24: Approved | T24: 90171841 - Rifqi Aziz | U24: "-" | V24: =IF([3]STR!$V24 = "", "", [3]STR!$V24) -> Asep Kristiono | W24: 19/08/2026 | X24: =[3]STR!$X24 -> TRUE | Z24: =_xlfn.XLOOKUP(TRIM(B24), [4]STR!$2:$2, [4]STR!$44:$44, "")
A25: 46265 | B25: PT LOMBOK GANDARIA | C25: PDV4789 | D25: 33401001688301 | E25: SEDANG | F25: Tidak | G25: Tidak | H25: Tidak | I25: Perpajakan | J25: 48 | K25: 41 | L25: Perpajakan | M25: KC Solo Slamet Riyadi | N25: KC Solo Slamet Riyadi | O25: Yogyakarta | P25: Tidak | Q25: Tidak | R25: Done | S25: Approved | T25: 90170665 - Mutiara Ayuningtyas | U25: "-" | V25: =IF([3]STR!$V25 = "", "", [3]STR!$V25) -> Waras Suyitno | W25: 27/08/2026 | X25: =[3]STR!$X25 -> TRUE | Z25: =_xlfn.XLOOKUP(TRIM(B25), [4]STR!$2:$2, [4]STR!$44:$44, "")
A26: 46265 | B26: PT ELSHADDAI BAHAGIA SEJAHTERA | C26: PIU8927 | D26: 7701002144300 | E26: TINGGI | F26: Tidak | G26: Tidak | H26: Tidak | I26: Perpajakan | J26: 63 | K26: 41 | L26: Perpajakan | M26: KC Purwokerto | N26: KC Purwokerto | O26: Yogyakarta | P26: Tidak | Q26: Tidak | R26: Done | S26: Approved | T26: 90171841 - Rifqi Aziz | U26: "-" | V26: =IF([3]STR!$V26 = "", "", [3]STR!$V26) -> Dian Septianti | W26: 28/08/2026 | X26: =[3]STR!$X26 -> TRUE | Z26: =_xlfn.XLOOKUP(TRIM(B26), [4]STR!$2:$2, [4]STR!$44:$44, "")
A27: 46265 | B27: RIYANTO | C27: RKT5606 | D27: 13401000733301 | E27: SEDANG | F27: Tidak | G27: Tidak | H27: Tidak | I27: Pencurian Rekening | J27: 49 | K27: 59 | L27: Perbankan | M27: KC Gombong | N27: KC Gombong | O27: Yogyakarta | P27: Tidak | Q27: Tidak | R27: Done | S27: Approved | T27: 00336949 - Mochammad Al Farabi | U27: "-" | V27: =IF([3]STR!$V27 = "", "", [3]STR!$V27) | X27: =[3]STR!$X27 -> FALSE | Y27: Dikerjakan Kanpus oleh Muhammad Alfarobi | Z27: =_xlfn.XLOOKUP(TRIM(B27), [4]STR!$2:$2, [4]STR!$44:$44, "")

Sheet EDD PEP PPATK
D1: 46280
A2: No. | B2: Unit Kerja | C2: PIC RAC | D2: %TL PEP Done | E2: Average
A3: 1 | B3: KC Boyolali | C3: Asep Kristiono | D3: =_xlfn.XLOOKUP(B3, [1]PEP!$B:$B,[1]PEP!$G:$G) -> 1 | E3: =AVERAGE(D3:D13) -> 0.99562336
A4: 2 | B4: KC Karanganyar | C4: Asep Kristiono | D4: =_xlfn.XLOOKUP(B4, [1]PEP!$B:$B,[1]PEP!$G:$G) -> 1
A5: 3 | B5: KC Klaten | C5: Asep Kristiono | D5: =_xlfn.XLOOKUP(B5, [1]PEP!$B:$B,[1]PEP!$G:$G) -> 1
A6: 4 | B6: KC Solo Baru | C6: Asep Kristiono | D6: =_xlfn.XLOOKUP(B6, [1]PEP!$B:$B,[1]PEP!$G:$G) -> 1
A7: 5 | B7: KC Solo Kartasura | C7: Asep Kristiono | D7: =_xlfn.XLOOKUP(B7, [1]PEP!$B:$B,[1]PEP!$G:$G) -> 1
A8: 6 | B8: KC Solo Slamet Riyadi | C8: Asep Kristiono | D8: =_xlfn.XLOOKUP(B8, [1]PEP!$B:$B,[1]PEP!$G:$G) -> 0.98630137
A9: 7 | B9: KC Sragen | C9: Asep Kristiono | D9: =_xlfn.XLOOKUP(B9, [1]PEP!$B:$B,[1]PEP!$G:$G) -> 1
A10: 8 | B10: KC Sukoharjo | C10: Asep Kristiono | D10: =_xlfn.XLOOKUP(B10, [1]PEP!$B:$B,[1]PEP!$G:$G) -> 1
A11: 9 | B11: KC Solo - Sudirman | C11: Asep Kristiono | D11: =_xlfn.XLOOKUP(B11, [1]PEP!$B:$B,[1]PEP!$G:$G) -> 0.97222222
A12: 10 | B12: KC Wonogiri | C12: Asep Kristiono | D12: =_xlfn.XLOOKUP(B12, [1]PEP!$B:$B,[1]PEP!$G:$G) -> 1
A13: 11 | B13: KC Yogyakarta Cik Ditiro | C13: Asep Kristiono | D13: =_xlfn.XLOOKUP(B13, [1]PEP!$B:$B,[1]PEP!$G:$G) -> 0.99333333
A14: 12 | B14: KC Ajibarang | C14: Dian Septianti | D14: =_xlfn.XLOOKUP(B14, [1]PEP!$B:$B,[1]PEP!$G:$G) -> 1 | E14: =AVERAGE(D14:D24) -> 0.99300606
A15: 13 | B15: KC Bantul | C15: Dian Septianti | D15: =_xlfn.XLOOKUP(B15, [1]PEP!$B:$B,[1]PEP!$G:$G) -> 1
A16: 14 | B16: KC Cilacap | C16: Dian Septianti | D16: =_xlfn.XLOOKUP(B16, [1]PEP!$B:$B,[1]PEP!$G:$G) -> 1
A17: 15 | B17: KC Purwokerto | C17: Dian Septianti | D17: =_xlfn.XLOOKUP(B17, [1]PEP!$B:$B,[1]PEP!$G:$G) -> 0.9921875
A18: 16 | B18: KC Purworejo | C18: Dian Septianti | D18: =_xlfn.XLOOKUP(B18, [1]PEP!$B:$B,[1]PEP!$G:$G) -> 1
A19: 17 | B19: KC Sleman | C19: Dian Septianti | D19: =_xlfn.XLOOKUP(B19, [1]PEP!$B:$B,[1]PEP!$G:$G) -> 1
A20: 18 | B20: KC Wates | C20: Dian Septianti | D20: =_xlfn.XLOOKUP(B20, [1]PEP!$B:$B,[1]PEP!$G:$G) -> 0.96
A21: 19 | B21: KC Wonosari | C21: Dian Septianti | D21: =_xlfn.XLOOKUP(B21, [1]PEP!$B:$B,[1]PEP!$G:$G) -> 1
A22: 20 | B22: KC Yogyakarta Katamso | C22: Dian Septianti | D22: =_xlfn.XLOOKUP(B22, [1]PEP!$B:$B,[1]PEP!$G:$G) -> 1
A23: 21 | B23: KC Yogyakarta Adisucipto | C23: Dian Septianti | D23: =_xlfn.XLOOKUP(B23, [1]PEP!$B:$B,[1]PEP!$G:$G) -> 0.99285714
A24: 22 | B24: KC Yogyakarta Mlati | C24: Dian Septianti | D24: =_xlfn.XLOOKUP(B24, [1]PEP!$B:$B,[1]PEP!$G:$G) -> 0.97802198
A25: 23 | B25: KC Banjarnegara | C25: Waras Suyitno | D25: =_xlfn.XLOOKUP(B25, [1]PEP!$B:$B,[1]PEP!$G:$G) -> 1 | E25: =AVERAGE(D25:D35) -> 0.99378026
A26: 24 | B26: KC Gombong | C26: Waras Suyitno | D26: =_xlfn.XLOOKUP(B26, [1]PEP!$B:$B,[1]PEP!$G:$G) -> 1
A27: 25 | B27: KC Kebumen | C27: Waras Suyitno | D27: =_xlfn.XLOOKUP(B27, [1]PEP!$B:$B,[1]PEP!$G:$G) -> 1
A28: 26 | B28: KC Kutoarjo | C28: Waras Suyitno | D28: =_xlfn.XLOOKUP(B28, [1]PEP!$B:$B,[1]PEP!$G:$G) -> 1
A29: 27 | B29: KC Magelang | C29: Waras Suyitno | D29: =_xlfn.XLOOKUP(B29, [1]PEP!$B:$B,[1]PEP!$G:$G) -> 0.99408284
A30: 28 | B30: KC Majenang | C30: Waras Suyitno | D30: =_xlfn.XLOOKUP(B30, [1]PEP!$B:$B,[1]PEP!$G:$G) -> 1
A31: 29 | B31: KC Muntilan | C31: Waras Suyitno | D31: =_xlfn.XLOOKUP(B31, [1]PEP!$B:$B,[1]PEP!$G:$G) -> 1
A32: 30 | B32: KC Parakan | C32: Waras Suyitno | D32: =_xlfn.XLOOKUP(B32, [1]PEP!$B:$B,[1]PEP!$G:$G) -> 1
A33: 31 | B33: KC Purbalingga | C33: Waras Suyitno | D33: =_xlfn.XLOOKUP(B33, [1]PEP!$B:$B,[1]PEP!$G:$G) -> 1
A34: 32 | B34: KC Temanggung | C34: Waras Suyitno | D34: =_xlfn.XLOOKUP(B34, [1]PEP!$B:$B,[1]PEP!$G:$G) -> 1
A35: 33 | B35: KC Wonosobo | C35: Waras Suyitno | D35: =_xlfn.XLOOKUP(B35, [1]PEP!$B:$B,[1]PEP!$G:$G) -> 0.9375

Sheet Pengkinian Data
D1: 46280
A2: No. | B2: Unit Kerja | C2: PIC RAC | D2: %Pengkinian Data | E2: Average
A3: 1 | B3: KC Boyolali | C3: Asep Kristiono | D3: =_xlfn.XLOOKUP(B3,'[1]Pengkinian Data'!$B:$B,'[1]Pengkinian Data'!$E:$E) -> 0.9079 | E3: =AVERAGE(D3:D13) -> 0.97166364
A4: 2 | B4: KC Karanganyar | C4: Asep Kristiono | D4: =_xlfn.XLOOKUP(B4,'[1]Pengkinian Data'!$B:$B,'[1]Pengkinian Data'!$E:$E) -> 0.9967
A5: 3 | B5: KC Klaten | C5: Asep Kristiono | D5: =_xlfn.XLOOKUP(B5,'[1]Pengkinian Data'!$B:$B,'[1]Pengkinian Data'!$E:$E) -> 0.9717
A6: 4 | B6: KC Solo Baru | C6: Asep Kristiono | D6: =_xlfn.XLOOKUP(B6,'[1]Pengkinian Data'!$B:$B,'[1]Pengkinian Data'!$E:$E) -> 0.9796
A7: 5 | B7: KC Solo Kartasura | C7: Asep Kristiono | D7: =_xlfn.XLOOKUP(B7,'[1]Pengkinian Data'!$B:$B,'[1]Pengkinian Data'!$E:$E) -> 0.996
A8: 6 | B8: KC Solo Slamet Riyadi | C8: Asep Kristiono | D8: =_xlfn.XLOOKUP(B8,'[1]Pengkinian Data'!$B:$B,'[1]Pengkinian Data'!$E:$E) -> 0.9656
A9: 7 | B9: KC Sragen | C9: Asep Kristiono | D9: =_xlfn.XLOOKUP(B9,'[1]Pengkinian Data'!$B:$B,'[1]Pengkinian Data'!$E:$E) -> 0.9655
A10: 8 | B10: KC Sukoharjo | C10: Asep Kristiono | D10: =_xlfn.XLOOKUP(B10,'[1]Pengkinian Data'!$B:$B,'[1]Pengkinian Data'!$E:$E) -> 0.9396
A11: 9 | B11: KC Solo - Sudirman | C11: Asep Kristiono | D11: =_xlfn.XLOOKUP(B11,'[1]Pengkinian Data'!$B:$B,'[1]Pengkinian Data'!$E:$E) -> 0.9754
A12: 10 | B12: KC Wonogiri | C12: Asep Kristiono | D12: =_xlfn.XLOOKUP(B12,'[1]Pengkinian Data'!$B:$B,'[1]Pengkinian Data'!$E:$E) -> 0.9919
A13: 11 | B13: KC Yogyakarta Cik Ditiro | C13: Asep Kristiono | D13: =_xlfn.XLOOKUP(B13,'[1]Pengkinian Data'!$B:$B,'[1]Pengkinian Data'!$E:$E) -> 0.9984
A14: 12 | B14: KC Ajibarang | C14: Dian Septianti | D14: =_xlfn.XLOOKUP(B14,'[1]Pengkinian Data'!$B:$B,'[1]Pengkinian Data'!$E:$E) -> 1 | E14: =AVERAGE(D14:D24) -> 0.98101818
A15: 13 | B15: KC Bantul | C15: Dian Septianti | D15: =_xlfn.XLOOKUP(B15,'[1]Pengkinian Data'!$B:$B,'[1]Pengkinian Data'!$E:$E) -> 0.9887
A16: 14 | B16: KC Cilacap | C16: Dian Septianti | D16: =_xlfn.XLOOKUP(B16,'[1]Pengkinian Data'!$B:$B,'[1]Pengkinian Data'!$E:$E) -> 0.9689
A17: 15 | B17: KC Purwokerto | C17: Dian Septianti | D17: =_xlfn.XLOOKUP(B17,'[1]Pengkinian Data'!$B:$B,'[1]Pengkinian Data'!$E:$E) -> 0.98
A18: 16 | B18: KC Purworejo | C18: Dian Septianti | D18: =_xlfn.XLOOKUP(B18,'[1]Pengkinian Data'!$B:$B,'[1]Pengkinian Data'!$E:$E) -> 0.9999
A19: 17 | B19: KC Sleman | C19: Dian Septianti | D19: =_xlfn.XLOOKUP(B19,'[1]Pengkinian Data'!$B:$B,'[1]Pengkinian Data'!$E:$E) -> 0.9883
A20: 18 | B20: KC Wates | C20: Dian Septianti | D20: =_xlfn.XLOOKUP(B20,'[1]Pengkinian Data'!$B:$B,'[1]Pengkinian Data'!$E:$E) -> 0.9754
A21: 19 | B21: KC Wonosari | C21: Dian Septianti | D21: =_xlfn.XLOOKUP(B21,'[1]Pengkinian Data'!$B:$B,'[1]Pengkinian Data'!$E:$E) -> 0.9959
A22: 20 | B22: KC Yogyakarta Katamso | C22: Dian Septianti | D22: =_xlfn.XLOOKUP(B22,'[1]Pengkinian Data'!$B:$B,'[1]Pengkinian Data'!$E:$E) -> 0.9578
A23: 21 | B23: KC Yogyakarta Adisucipto | C23: Dian Septianti | D23: =_xlfn.XLOOKUP(B23,'[1]Pengkinian Data'!$B:$B,'[1]Pengkinian Data'!$E:$E) -> 0.9679
A24: 22 | B24: KC Yogyakarta Mlati | C24: Dian Septianti | D24: =_xlfn.XLOOKUP(B24,'[1]Pengkinian Data'!$B:$B,'[1]Pengkinian Data'!$E:$E) -> 0.9684
A25: 23 | B25: KC Banjarnegara | C25: Waras Suyitno | D25: =_xlfn.XLOOKUP(B25,'[1]Pengkinian Data'!$B:$B,'[1]Pengkinian Data'!$E:$E) -> 0.994 | E25: =AVERAGE(D25:D35) -> 0.9776
A26: 24 | B26: KC Gombong | C26: Waras Suyitno | D26: =_xlfn.XLOOKUP(B26,'[1]Pengkinian Data'!$B:$B,'[1]Pengkinian Data'!$E:$E) -> 0.9999
A27: 25 | B27: KC Kebumen | C27: Waras Suyitno | D27: =_xlfn.XLOOKUP(B27,'[1]Pengkinian Data'!$B:$B,'[1]Pengkinian Data'!$E:$E) -> 0.9836
A28: 26 | B28: KC Kutoarjo | C28: Waras Suyitno | D28: =_xlfn.XLOOKUP(B28,'[1]Pengkinian Data'!$B:$B,'[1]Pengkinian Data'!$E:$E) -> 1
A29: 27 | B29: KC Magelang | C29: Waras Suyitno | D29: =_xlfn.XLOOKUP(B29,'[1]Pengkinian Data'!$B:$B,'[1]Pengkinian Data'!$E:$E) -> 0.907
A30: 28 | B30: KC Majenang | C30: Waras Suyitno | D30: =_xlfn.XLOOKUP(B30,'[1]Pengkinian Data'!$B:$B,'[1]Pengkinian Data'!$E:$E) -> 0.9736
A31: 29 | B31: KC Muntilan | C31: Waras Suyitno | D31: =_xlfn.XLOOKUP(B31,'[1]Pengkinian Data'!$B:$B,'[1]Pengkinian Data'!$E:$E) -> 0.9567
A32: 30 | B32: KC Parakan | C32: Waras Suyitno | D32: =_xlfn.XLOOKUP(B32,'[1]Pengkinian Data'!$B:$B,'[1]Pengkinian Data'!$E:$E) -> 0.9649
A33: 31 | B33: KC Purbalingga | C33: Waras Suyitno | D33: =_xlfn.XLOOKUP(B33,'[1]Pengkinian Data'!$B:$B,'[1]Pengkinian Data'!$E:$E) -> 0.9892
A34: 32 | B34: KC Temanggung | C34: Waras Suyitno | D34: =_xlfn.XLOOKUP(B34,'[1]Pengkinian Data'!$B:$B,'[1]Pengkinian Data'!$E:$E) -> 0.9989
A35: 33 | B35: KC Wonosobo | C35: Waras Suyitno | D35: =_xlfn.XLOOKUP(B35,'[1]Pengkinian Data'!$B:$B,'[1]Pengkinian Data'!$E:$E) -> 0.9858

Sheet Bad Data
D1: 46280
A2: No. | B2: Unit Kerja | C2: PIC RAC | D2: %Bad Data | E2: Average
A3: 1 | B3: KC Boyolali | C3: Asep Kristiono | D3: =_xlfn.XLOOKUP(B3, '[1]Bad Data'!$B:$B, '[1]Bad Data'!$D:$D) -> 0.00481 | E3: =AVERAGE(D3:D13) -> 0.0040018182
A4: 2 | B4: KC Karanganyar | C4: Asep Kristiono | D4: =_xlfn.XLOOKUP(B4, '[1]Bad Data'!$B:$B, '[1]Bad Data'!$D:$D) -> 0.00526
A5: 3 | B5: KC Klaten | C5: Asep Kristiono | D5: =_xlfn.XLOOKUP(B5, '[1]Bad Data'!$B:$B, '[1]Bad Data'!$D:$D) -> 0.00408
A6: 4 | B6: KC Solo Baru | C6: Asep Kristiono | D6: =_xlfn.XLOOKUP(B6, '[1]Bad Data'!$B:$B, '[1]Bad Data'!$D:$D) -> 0.005
A7: 5 | B7: KC Solo Kartasura | C7: Asep Kristiono | D7: =_xlfn.XLOOKUP(B7, '[1]Bad Data'!$B:$B, '[1]Bad Data'!$D:$D) -> 0.00149
A8: 6 | B8: KC Solo Slamet Riyadi | C8: Asep Kristiono | D8: =_xlfn.XLOOKUP(B8, '[1]Bad Data'!$B:$B, '[1]Bad Data'!$D:$D) -> 0.00635
A9: 7 | B9: KC Sragen | C9: Asep Kristiono | D9: =_xlfn.XLOOKUP(B9, '[1]Bad Data'!$B:$B, '[1]Bad Data'!$D:$D) -> 0.00526
A10: 8 | B10: KC Sukoharjo | C10: Asep Kristiono | D10: =_xlfn.XLOOKUP(B10, '[1]Bad Data'!$B:$B, '[1]Bad Data'!$D:$D) -> 0.00297
A11: 9 | B11: KC Solo - Sudirman | C11: Asep Kristiono | D11: =_xlfn.XLOOKUP(B11, '[1]Bad Data'!$B:$B, '[1]Bad Data'!$D:$D) -> 0.00132
A12: 10 | B12: KC Wonogiri | C12: Asep Kristiono | D12: =_xlfn.XLOOKUP(B12, '[1]Bad Data'!$B:$B, '[1]Bad Data'!$D:$D) -> 0.00295
A13: 11 | B13: KC Yogyakarta Cik Ditiro | C13: Asep Kristiono | D13: =_xlfn.XLOOKUP(B13, '[1]Bad Data'!$B:$B, '[1]Bad Data'!$D:$D) -> 0.00453
A14: 12 | B14: KC Ajibarang | C14: Dian Septianti | D14: =_xlfn.XLOOKUP(B14, '[1]Bad Data'!$B:$B, '[1]Bad Data'!$D:$D) -> 0.00094 | E14: =AVERAGE(D14:D24) -> 0.0036309091
A15: 13 | B15: KC Bantul | C15: Dian Septianti | D15: =_xlfn.XLOOKUP(B15, '[1]Bad Data'!$B:$B, '[1]Bad Data'!$D:$D) -> 0.00489
A16: 14 | B16: KC Cilacap | C16: Dian Septianti | D16: =_xlfn.XLOOKUP(B16, '[1]Bad Data'!$B:$B, '[1]Bad Data'!$D:$D) -> 0.00375
A17: 15 | B17: KC Purwokerto | C17: Dian Septianti | D17: =_xlfn.XLOOKUP(B17, '[1]Bad Data'!$B:$B, '[1]Bad Data'!$D:$D) -> 0.00324
A18: 16 | B18: KC Purworejo | C18: Dian Septianti | D18: =_xlfn.XLOOKUP(B18, '[1]Bad Data'!$B:$B, '[1]Bad Data'!$D:$D) -> 0.00359
A19: 17 | B19: KC Sleman | C19: Dian Septianti | D19: =_xlfn.XLOOKUP(B19, '[1]Bad Data'!$B:$B, '[1]Bad Data'!$D:$D) -> 0.00328
A20: 18 | B20: KC Wates | C20: Dian Septianti | D20: =_xlfn.XLOOKUP(B20, '[1]Bad Data'!$B:$B, '[1]Bad Data'!$D:$D) -> 0.00428
A21: 19 | B21: KC Wonosari | C21: Dian Septianti | D21: =_xlfn.XLOOKUP(B21, '[1]Bad Data'!$B:$B, '[1]Bad Data'!$D:$D) -> 0.0033
A22: 20 | B22: KC Yogyakarta Katamso | C22: Dian Septianti | D22: =_xlfn.XLOOKUP(B22, '[1]Bad Data'!$B:$B, '[1]Bad Data'!$D:$D) -> 0.00636
A23: 21 | B23: KC Yogyakarta Adisucipto | C23: Dian Septianti | D23: =_xlfn.XLOOKUP(B23, '[1]Bad Data'!$B:$B, '[1]Bad Data'!$D:$D) -> 0.00453
A24: 22 | B24: KC Yogyakarta Mlati | C24: Dian Septianti | D24: =_xlfn.XLOOKUP(B24, '[1]Bad Data'!$B:$B, '[1]Bad Data'!$D:$D) -> 0.00178
A25: 23 | B25: KC Banjarnegara | C25: Waras Suyitno | D25: =_xlfn.XLOOKUP(B25, '[1]Bad Data'!$B:$B, '[1]Bad Data'!$D:$D) -> 0.00575 | E25: =AVERAGE(D25:D35) -> 0.0048754545
A26: 24 | B26: KC Gombong | C26: Waras Suyitno | D26: =_xlfn.XLOOKUP(B26, '[1]Bad Data'!$B:$B, '[1]Bad Data'!$D:$D) -> 0.00241
A27: 25 | B27: KC Kebumen | C27: Waras Suyitno | D27: =_xlfn.XLOOKUP(B27, '[1]Bad Data'!$B:$B, '[1]Bad Data'!$D:$D) -> 0.00556
A28: 26 | B28: KC Kutoarjo | C28: Waras Suyitno | D28: =_xlfn.XLOOKUP(B28, '[1]Bad Data'!$B:$B, '[1]Bad Data'!$D:$D) -> 0.00453
A29: 27 | B29: KC Magelang | C29: Waras Suyitno | D29: =_xlfn.XLOOKUP(B29, '[1]Bad Data'!$B:$B, '[1]Bad Data'!$D:$D) -> 0.01053
A30: 28 | B30: KC Majenang | C30: Waras Suyitno | D30: =_xlfn.XLOOKUP(B30, '[1]Bad Data'!$B:$B, '[1]Bad Data'!$D:$D) -> 0.0041
A31: 29 | B31: KC Muntilan | C31: Waras Suyitno | D31: =_xlfn.XLOOKUP(B31, '[1]Bad Data'!$B:$B, '[1]Bad Data'!$D:$D) -> 0.00619
A32: 30 | B32: KC Parakan | C32: Waras Suyitno | D32: =_xlfn.XLOOKUP(B32, '[1]Bad Data'!$B:$B, '[1]Bad Data'!$D:$D) -> 0.0051
A33: 31 | B33: KC Purbalingga | C33: Waras Suyitno | D33: =_xlfn.XLOOKUP(B33, '[1]Bad Data'!$B:$B, '[1]Bad Data'!$D:$D) -> 0.00259
A34: 32 | B34: KC Temanggung | C34: Waras Suyitno | D34: =_xlfn.XLOOKUP(B34, '[1]Bad Data'!$B:$B, '[1]Bad Data'!$D:$D) -> 0.00501
A35: 33 | B35: KC Wonosobo | C35: Waras Suyitno | D35: =_xlfn.XLOOKUP(B35, '[1]Bad Data'!$B:$B, '[1]Bad Data'!$D:$D) -> 0.00186

Sheet Sosialisasi
A1: No. | B1: Unit Kerja | C1: PIC RAC | D1: Materi* | E1: Tanggal Rencana Pelaksanaan | F1: Tanggal Pelaksanaan* | G1: Jumlah Peserta* | H1: Jabatan Peserta* | I1: Dokumen Evidence**
A2: 1 | B2: KC Balige
A3: 2 | B3: KC Binjai
A4: 3 | B4: KC Gunung Sitoli
A5: 4 | B5: KC Kabanjahe
A6: 5 | B6: KC Kisaran
A7: 6 | B7: KC Kota Pinang
A8: 7 | B8: KC Lubuk Pakam
A9: 8 | B9: KC Medan Gatot Subroto
A10: 9 | B10: KC Medan Iskandar Muda
A11: 10 | B11: KC Medan Putri Hijau
A12: 11 | B12: KC Medan Sisingamangaraja
A13: 12 | B13: KC Medan Thamrin
... A25: 24 | B25: KC Tebing Tinggi
B27: Keterangan:
B28: *Diisi jika telah dilaksanakan
B29: **https://bbri.id/MonevaRAC
B31: Evidence terdiri dari:
B32: 1. Dokumentasi Foto
B33: 2. Berita Acara
B34: 3. Absensi
B35: 4. Materi Sosisalisasi
B36: 5. List Pertanyaan

Sheet Uji Petik
A1: No. | B1: Unit Kerja | C1: PIC RAC | D1: Rencana Pelaksanaan | E1: Tanggal Pelaksanaan* | F1: Dokumen Evidence**
A3: - | B3: - | C3: - | D3: - | E3: - | F3: -
B29: Keterangan:
B30: *Diisi jika telah dilaksanakan
B31: **https://bri2-my.sharepoint.com/:f:/g/personal/00136153_hq_bri_co_id/IgB5O797f-zsTIl0esjTOvBxAb0gTAYXhy8v3l1MKs9tUpY?e=I5ZeQv
B34: Evidence terdiri dari:
B35: 1. Dokumentasi Foto
B36: 2. Berita Acara
B37: 3. Absensi
B38: 4.Kertas Kerja
B39: 5. Laporan Uji Petik

Sheet Nilai Maturitas
A1: No. | B1: Unit Kerja | C1: PIC RAC | D1: Nilai maturitas | E1: Nilai maturitas | F1: Rating maturitas
A2: 4 | B2: BO Boyolali | C2: Asep Kristiono | D2: 8.2074161 | E2: =AVERAGE(D2:D12) -> 8.5939865 | F2: AB
A3: 7 | B3: BO Karanganyar | C3: Asep Kristiono | D3: 6.8053068
A4: 9 | B4: BO Klaten | C4: Asep Kristiono | D4: 9.3597229
A5: 19 | B5: BO Solo Baru | C5: Asep Kristiono | D5: 9.1367221
A6: 20 | B6: BO Solo Kartasura | C6: Asep Kristiono | D6: 7.9072693
A7: 21 | B7: BO Solo Slamet Riyadi | C7: Asep Kristiono | D7: 8.1344528
A8: 22 | B8: BO Sragen | C8: Asep Kristiono | D8: 9.826317
A9: 23 | B9: BO Sukoharjo | C9: Asep Kristiono | D9: 8.7344453
A10: 24 | B10: BO Solo Sudirman | C10: Asep Kristiono | D10: 7.8615167
A11: 27 | B11: BO Wonogiri | C11: Asep Kristiono | D11: 9.0587346
A12: 30 | B12: BO Yogya Cik Ditiro | C12: Asep Kristiono | D12: 9.5019479
A13: 1 | B13: BO Ajibarang | C13: Dian Septianti | D13: 7.4706609 | E13: =AVERAGE(D13:D23) -> 8.4248511 | F13: AB
A14: 3 | B14: BO Bantul | C14: Dian Septianti | D14: 7.3826867
A15: 5 | B15: BO Cilacap | C15: Dian Septianti | D15: 7.8522941
A16: 16 | B16: BO Purwokerto | C16: Dian Septianti | D16: 9.418909
A17: 17 | B17: BO Purworejo | C17: Dian Septianti | D17: 8.248603
A18: 18 | B18: BO Sleman | C18: Dian Septianti | D18: 7.0634373
A19: 26 | B19: BO Wates | C19: Dian Septianti | D19: 8.6998637
A20: 28 | B20: BO Wonosari | C20: Dian Septianti | D20: 9.5091844
A21: 31 | B21: BO Yogya Katamso | C21: Dian Septianti | D21: 8.2684281
A22: 32 | B22: BO Yogyakarta Adisucipto | C22: Dian Septianti | D22: 9.2848953
A23: 33 | B23: BO Yogyakarta Mlati | C23: Dian Septianti | D23: 9.4743997
A24: 2 | B24: BO Banjarnegara | C24: Waras Suyitno | D24: 9.6070429 | E24: =AVERAGE(D24:D34) -> 9.1956273 | F24: A
A25: 6 | B25: BO Gombong | C25: Waras Suyitno | D25: 9.5565022
A26: 8 | B26: BO Kebumen | C26: Waras Suyitno | D26: 8.4676355
A27: 10 | B27: BO Kutoarjo | C27: Waras Suyitno | D27: 9.6320753
A28: 11 | B28: BO Magelang | C28: Waras Suyitno | D28: 9.2381781
A29: 12 | B29: BO Majenang | C29: Waras Suyitno | D29: 9.765429
A30: 13 | B30: BO Muntilan | C30: Waras Suyitno | D30: 8.6857652
A31: 14 | B31: BO Parakan | C31: Waras Suyitno | D31: 7.5296651
A32: 15 | B32: BO Purbalingga | C32: Waras Suyitno | D32: 9.8081641
A33: 25 | B33: BO Temanggung | C33: Waras Suyitno | D33: 9.1004236
A34: 29 | B34: BO Wonosobo | C34: Waras Suyitno | D34: 9.7610192

Sheet Penilaian Resiko
A1: No. | B1: Unit Kerja | C1: PIC RAC | D1: Nilai Risiko | E1: Nilai Risiko PIC | F1: Rating Risiko PIC
A2: 4 | B2: BO Boyolali | C2: Asep Kristiono | D2: 5.5 | E2: =AVERAGE(D2:D12) -> 5.1100875 | F2: Medium
A3: 7 | B3: BO Karanganyar | C3: Asep Kristiono | D3: 5.6124861
A4: 9 | B4: BO Klaten | C4: Asep Kristiono | D4: 4.9749372
A5: 19 | B5: BO Solo Baru | C5: Asep Kristiono | D5: 5.1961524
A6: 20 | B6: BO Solo Kartasura | C6: Asep Kristiono | D6: 4.5
A7: 21 | B7: BO Solo Slamet Riyadi | C7: Asep Kristiono | D7: 4.9749372
A8: 22 | B8: BO Sragen | C8: Asep Kristiono | D8: 5.4772256
A9: 23 | B9: BO Sukoharjo | C9: Asep Kristiono | D9: 5.0990195
A10: 24 | B10: BO Solo Sudirman | C10: Asep Kristiono | D10: 4.5
A11: 27 | B11: BO Wonogiri | C11: Asep Kristiono | D11: 5.4772256
A12: 30 | B12: BO Yogya Cik Ditiro | C12: Asep Kristiono | D12: 4.8989795
A13: 1 | B13: BO Ajibarang | C13: Dian Septianti | D13: 4.9497475 | E13: =AVERAGE(D13:D23) -> 4.7996008 | F13: Medium
A14: 3 | B14: BO Bantul | C14: Dian Septianti | D14: 4.6904158
A15: 5 | B15: BO Cilacap | C15: Dian Septianti | D15: 4.7434165
A16: 16 | B16: BO Purwokerto | C16: Dian Septianti | D16: 4.2426407
A17: 17 | B17: BO Purworejo | C17: Dian Septianti | D17: 5.4772256
A18: 18 | B18: BO Sleman | C18: Dian Septianti | D18: 4.9749372
A19: 26 | B19: BO Wates | C19: Dian Septianti | D19: 5.1961524
A20: 28 | B20: BO Wonosari | C20: Dian Septianti | D20: 5.1961524
A21: 31 | B21: BO Yogya Katamso | C21: Dian Septianti | D21: 4.1833001
A22: 32 | B22: BO Yogyakarta Adisucipto | C22: Dian Septianti | D22: 4.8989795
A23: 33 | B23: BO Yogyakarta Mlati | C23: Dian Septianti | D23: 4.2426407
A24: 2 | B24: BO Banjarnegara | C24: Waras Suyitno | D24: 4.9749372 | E24: =AVERAGE(D24:D34) -> 5.078996 | F24: Medium
A25: 6 | B25: BO Gombong | C25: Waras Suyitno | D25: 5.1961524
A26: 8 | B26: BO Kebumen | C26: Waras Suyitno | D26: 4.5
A27: 10 | B27: BO Kutoarjo | C27: Waras Suyitno | D27: 5.9160798
A28: 11 | B28: BO Magelang | C28: Waras Suyitno | D28: 4.6904158
A29: 12 | B29: BO Majenang | C29: Waras Suyitno | D29: 5.4083269
A30: 13 | B30: BO Muntilan | C30: Waras Suyitno | D30: 4.8989795
A31: 14 | B31: BO Parakan | C31: Waras Suyitno | D31: 5.4772256
A32: 15 | B32: BO Purbalingga | C32: Waras Suyitno | D32: 5.6568542
A33: 25 | B33: BO Temanggung | C33: Waras Suyitno | D33: 5.4083269
A34: 29 | B34: BO Wonosobo | C34: Waras Suyitno | D34: 3.7416574

Sheet Maturitas Dashboard
A1: No. | B1: Unit Kerja | C1: PIC RAC | D1: Nilai Maturitas | E1: Nilai Maturitas PIC | F1: Rating Maturitas PIC
A2: 4 | B2: BO Boyolali | C2: Asep Kristiono | D2: 8.875 | E2: =AVERAGE(D2:D12) -> 8.875 | F2: Sangat Baik
A3: 7 | B3: BO Karanganyar | C3: Asep Kristiono | D3: 8.875
A4: 9 | B4: BO Klaten | C4: Asep Kristiono | D4: 8.875
A5: 19 | B5: BO Solo Baru | C5: Asep Kristiono | D5: 8.875
A6: 20 | B6: BO Solo Kartasura | C6: Asep Kristiono | D6: 8.875
A7: 21 | B7: BO Solo Slamet Riyadi | C7: Asep Kristiono | D7: 8.875
A8: 22 | B8: BO Sragen | C8: Asep Kristiono | D8: 8.875
A9: 23 | B9: BO Sukoharjo | C9: Asep Kristiono | D9: 8.875
A10: 24 | B10: BO Solo Sudirman | C10: Asep Kristiono | D10: 8.875
A11: 27 | B11: BO Wonogiri | C11: Asep Kristiono | D11: 8.875
A12: 30 | B12: BO Yogya Cik Ditiro | C12: Asep Kristiono | D12: 8.875
A13: 1 | B13: BO Ajibarang | C13: Dian Septianti | D13: 8.875 | E13: =AVERAGE(D13:D23) -> 8.875 | F13: Sangat Baik
A14: 3 | B14: BO Bantul | C14: Dian Septianti | D14: 8.875
A15: 5 | B15: BO Cilacap | C15: Dian Septianti | D15: 8.875
A16: 16 | B16: BO Purwokerto | C16: Dian Septianti | D16: 8.875
A17: 17 | B17: BO Purworejo | C17: Dian Septianti | D17: 8.875
A18: 18 | B18: BO Sleman | C18: Dian Septianti | D18: 8.875
A19: 26 | B19: BO Wates | C19: Dian Septianti | D19: 8.875
A20: 28 | B20: BO Wonosari | C20: Dian Septianti | D20: 8.875
A21: 31 | B21: BO Yogya Katamso | C21: Dian Septianti | D21: 8.875
A22: 32 | B22: BO Yogyakarta Adisucipto | C22: Dian Septianti | D22: 8.875
A23: 33 | B23: BO Yogyakarta Mlati | C23: Dian Septianti | D23: 8.875
A24: 2 | B24: BO Banjarnegara | C24: Waras Suyitno | D24: 8.375 | E24: =AVERAGE(D24:D34) -> 8.75 | F24: Sangat Baik
A25: 6 | B25: BO Gombong | C25: Waras Suyitno | D25: 8.875
A26: 8 | B26: BO Kebumen | C26: Waras Suyitno | D26: 8.875
A27: 10 | B27: BO Kutoarjo | C27: Waras Suyitno | D27: 8.875
A28: 11 | B28: BO Magelang | C28: Waras Suyitno | D28: 8
A29: 12 | B29: BO Majenang | C29: Waras Suyitno | D29: 8.875
A30: 13 | B30: BO Muntilan | C30: Waras Suyitno | D30: 8.875
A31: 14 | B31: BO Parakan | C31: Waras Suyitno | D31: 8.875
A32: 15 | B32: BO Purbalingga | C32: Waras Suyitno | D32: 8.875
A33: 25 | B33: BO Temanggung | C33: Waras Suyitno | D33: 8.875
A34: 29 | B34: BO Wonosobo | C34: Waras Suyitno | D34: 8.875

Sheet Overview
A2: No | B2: Aspek Penilaian | C2: Asep Kristiono | F2: Dian Septianti | I2: Waras Suyitno
C3: Nilai | D3: Bobotan | E3: Score | F3: Nilai | G3: Bobotan | H3: Score | I3: Nilai | J3: Bobotan | K3: Score
A4: 1 | B4: STR | C4: =IFERROR(COUNTIFS(STR!$V:$V, Overview!C$2, STR!$X:$X, "TRUE")/COUNTIFS(STR!$V:$V, Overview!C2), 0) -> 1 | D4: 0.15 | E4: =D4*C4 -> 0.15 | F4: =IFERROR(COUNTIFS(STR!$V:$V, Overview!F$2, STR!$X:$X, "TRUE")/COUNTIFS(STR!$V:$V, Overview!F2), 0) -> 1 | G4: 0.15 | H4: =G4*F4 -> 0.15 | I4: =IFERROR(COUNTIFS(STR!$V:$V, Overview!I$2, STR!$X:$X, "TRUE")/COUNTIFS(STR!$V:$V, Overview!I2), 0) -> 0.6 | J4: 0.15 | K4: =J4*I4 -> 0.09
A5: 2 | B5: Bad Data | C5: =1-AVERAGEIF('Bad Data'!$C:$C, Overview!C$2, 'Bad Data'!$D:$D) -> 0.99599818 | D5: 0.1 | E5: =D5*C5 -> 0.099599818 | F5: =1-AVERAGEIF('Bad Data'!$C:$C, Overview!F$2, 'Bad Data'!$D:$D) -> 0.99636909 | G5: 0.1 | H5: =G5*F5 -> 0.099636909 | I5: =1-AVERAGEIF('Bad Data'!$C:$C, Overview!I$2, 'Bad Data'!$D:$D) -> 0.99512455 | J5: 0.1 | K5: =J5*I5 -> 0.099512455
A6: 3 | B6: Pengkinian Data | C6: =AVERAGEIF('Pengkinian Data'!$C:$C, Overview!C$2, 'Pengkinian Data'!$D:$D) -> 0.97166364 | D6: 0.1 | E6: =D6*C6 -> 0.097166364 | F6: =AVERAGEIF('Pengkinian Data'!$C:$C, Overview!F$2, 'Pengkinian Data'!$D:$D) -> 0.98101818 | G6: 0.1 | H6: =G6*F6 -> 0.098101818 | I6: =AVERAGEIF('Pengkinian Data'!$C:$C, Overview!I$2, 'Pengkinian Data'!$D:$D) -> 0.9776 | J6: 0.1 | K6: =J6*I6 -> 0.09776 | R6: .
A7: 4 | B7: Uji Petik | C7: {=IFERROR(SUMPRODUCT(--('[3]Uji Petik'!$E$3:$E$73<>""), --('[3]Uji Petik'!$C$3:$C$73=C2)) / SUMPRODUCT(--('[3]Uji Petik'!$C$3:$C$73=C2)), 0)} -> 1 | D7: 0 | E7: =D7*C7 -> 0 | F7: {=IFERROR(SUMPRODUCT(--('[3]Uji Petik'!$E$3:$E$73<>""), --('[3]Uji Petik'!$C$3:$C$73=F2)) / SUMPRODUCT(--('[3]Uji Petik'!$C$3:$C$73=F2)), 0)} -> 0 | G7: 0 | H7: =G7*F7 -> 0 | I7: {=IFERROR(SUMPRODUCT(--('[3]Uji Petik'!$E$3:$E$73<>""), --('[3]Uji Petik'!$C$3:$C$73=I2)) / SUMPRODUCT(--('[3]Uji Petik'!$C$3:$C$73=I2)), 0)} -> 0 | J7: 0 | K7: =J7*I7 -> 0
A8: 5 | B8: Sosialisasi | C8: {=IFERROR(AVERAGE(IF([1]Sosialisasi!$C$1:$C$10000=C2, [1]Sosialisasi!$D$1:$D$10000)), 0)} -> 0.27272727 | D8: 0.15 | E8: =D8*C8 -> 0.040909091 | F8: {=IFERROR(AVERAGE(IF([1]Sosialisasi!$C$1:$C$10000=F2, [1]Sosialisasi!$D$1:$D$10000)), 0)} -> 0.45454545 | G8: 0.15 | H8: =G8*F8 -> 0.068181818 | I8: {=IFERROR(AVERAGE(IF([1]Sosialisasi!$C$1:$C$10000=I2, [1]Sosialisasi!$D$1:$D$10000)), 0)} -> 0.36363636 | J8: 0.15 | K8: =J8*I8 -> 0.054545455
A9: 6 | B9: EDD | C9: =AVERAGEIF('EDD PEP PPATK'!$C:$C, Overview!C$2, 'EDD PEP PPATK'!$D:$D) -> 0.99562336 | D9: 0.1 | E9: =D9*C9 -> 0.099562336 | F9: =AVERAGEIF('EDD PEP PPATK'!$C:$C, Overview!F$2, 'EDD PEP PPATK'!$D:$D) -> 0.99300606 | G9: 0.1 | H9: =G9*F9 -> 0.099300606 | I9: =AVERAGEIF('EDD PEP PPATK'!$C:$C, Overview!I$2, 'EDD PEP PPATK'!$D:$D) -> 0.99378026 | J9: 0.1 | K9: =J9*I9 -> 0.099378026
A10: 7 | B10: Self Learning Keikutsertaan | C10: {=IF(IFERROR(AVERAGE(IF('[1]Sheet2 (2)'!$C$1:$C$10000=C$2, '[1]Sheet2 (2)'!$D$1:$D$10000)), 0)>0.9, 1, IFERROR(AVERAGE(IF('[1]Sheet2 (2)'!$C$1:$C$10000=C$2, '[1]Sheet2 (2)'!$D$1:$D$10000)), 0))} -> 1 | D10: 0.05 | E10: =D10*C10 -> 0.05 | F10: {=IF(IFERROR(AVERAGE(IF('[1]Sheet2 (2)'!$C$1:$C$10000=F$2, '[1]Sheet2 (2)'!$D$1:$D$10000)), 0)>0.9, 1, IFERROR(AVERAGE(IF('[1]Sheet2 (2)'!$C$1:$C$10000=F$2, '[1]Sheet2 (2)'!$D$1:$D$10000)), 0))} -> 1 | G10: 0.05 | H10: =G10*F10 -> 0.05 | I10: {=IF(IFERROR(AVERAGE(IF('[1]Sheet2 (2)'!$C$1:$C$10000=I$2, '[1]Sheet2 (2)'!$D$1:$D$10000)), 0)>0.9, 1, IFERROR(AVERAGE(IF('[1]Sheet2 (2)'!$C$1:$C$10000=I$2, '[1]Sheet2 (2)'!$D$1:$D$10000)), 0))} -> 1 | J10: 0.05 | K10: =J10*I10 -> 0.05
A11: 8 | B11: Self Learning Score | C11: {=IF(IFERROR(AVERAGE(IF('[1]Sheet2 (3)'!$C$1:$C$10000=C2, '[1]Sheet2 (3)'!$D$1:$D$10000)), 0)>90, 1, IFERROR(AVERAGE(IF('[1]Sheet2 (3)'!$C$1:$C$10000=C2, '[1]Sheet2 (3)'!$D$1:$D$10000)), 0)/90)} -> 1 | D11: 0.05 | E11: =D11*C11 -> 0.05 | F11: {=IF(IFERROR(AVERAGE(IF('[1]Sheet2 (3)'!$C$1:$C$10000=F2, '[1]Sheet2 (3)'!$D$1:$D$10000)), 0)>90, 1, IFERROR(AVERAGE(IF('[1]Sheet2 (3)'!$C$1:$C$10000=F2, '[1]Sheet2 (3)'!$D$1:$D$10000)), 0)/90)} -> 1 | G11: 0.05 | H11: =G11*F11 -> 0.05 | I11: {=IF(IFERROR(AVERAGE(IF('[1]Sheet2 (3)'!$C$1:$C$10000=I2, '[1]Sheet2 (3)'!$D$1:$D$10000)), 0)>90, 1, IFERROR(AVERAGE(IF('[1]Sheet2 (3)'!$C$1:$C$10000=I2, '[1]Sheet2 (3)'!$D$1:$D$10000)), 0)/90)} -> 1 | J11: 0.05 | K11: =J11*I11 -> 0.05
A12: 9 | B12: Maturitas | C12: =IF(AVERAGEIF('Nilai Maturitas'!$C:$C, Overview!C2, 'Nilai Maturitas'!$D:$D) > 8, 110%, AVERAGEIF('Nilai Maturitas'!$C:$C, Overview!C2, 'Nilai Maturitas'!$D:$D)/8*100%) -> 1.1 | D12: 0.1 | E12: =D12*C12 -> 0.11 | F12: =IF(AVERAGEIF('Nilai Maturitas'!$C:$C, Overview!F2, 'Nilai Maturitas'!$D:$D) > 8, 110%, AVERAGEIF('Nilai Maturitas'!$C:$C, Overview!F2, 'Nilai Maturitas'!$D:$D)/8*100%) -> 1.1 | G12: 0.1 | H12: =G12*F12 -> 0.11 | I12: =IF(AVERAGEIF('Nilai Maturitas'!$C:$C, Overview!I2, 'Nilai Maturitas'!$D:$D) > 8, 110%, AVERAGEIF('Nilai Maturitas'!$C:$C, Overview!I2, 'Nilai Maturitas'!$D:$D)/8*100%) -> 1.1 | J12: 0.1 | K12: =J12*I12 -> 0.11
A13: 10 | B13: Maturitas Dashboard | C13: =IF(AVERAGEIF('Maturitas Dashboard'!$C:$C, Overview!C$2, 'Maturitas Dashboard'!$D:$D) > 8, 110%, AVERAGEIF('Maturitas Dashboard'!$C:$C, Overview!C$2, 'Maturitas Dashboard'!$D:$D)/8*100%) -> 1.1 | D13: 0.1 | E13: =D13*C13 -> 0.11 | F13: =IF(AVERAGEIF('Maturitas Dashboard'!$C:$C, Overview!F$2, 'Maturitas Dashboard'!$D:$D) > 8, 110%, AVERAGEIF('Maturitas Dashboard'!$C:$C, Overview!F$2, 'Maturitas Dashboard'!$D:$D)/8*100%) -> 1.1 | G13: 0.1 | H13: =G13*F13 -> 0.11 | I13: =IF(AVERAGEIF('Maturitas Dashboard'!$C:$C, Overview!I$2, 'Maturitas Dashboard'!$D:$D) > 8, 110%, AVERAGEIF('Maturitas Dashboard'!$C:$C, Overview!I$2, 'Maturitas Dashboard'!$D:$D)/8*100%) -> 1.1 | J13: 0.1 | K13: =J13*I13 -> 0.11
A14: 11 | B14: Penilaian Resiko | C14: =IF(AVERAGEIF('Penilaian Resiko'!$C:$C, Overview!C$2, 'Penilaian Resiko'!$D:$D) < 5.8, 110%, IF(AVERAGEIF('Penilaian Resiko'!$C:$C, Overview!C$2, 'Penilaian Resiko'!$D:$D) <7.4, 3/4*100%, 3/5*100%)) -> 1.1 | D14: 0.1 | E14: =D14*C14 -> 0.11 | F14: =IF(AVERAGEIF('Penilaian Resiko'!$C:$C, Overview!F$2, 'Penilaian Resiko'!$D:$D) < 5.8, 110%, IF(AVERAGEIF('Penilaian Resiko'!$C:$C, Overview!F$2, 'Penilaian Resiko'!$D:$D) <7.4, 3/4*100%, 3/5*100%)) -> 1.1 | G14: 0.1 | H14: =G14*F14 -> 0.11 | I14: =IF(AVERAGEIF('Penilaian Resiko'!$C:$C, Overview!I$2, 'Penilaian Resiko'!$D:$D) < 5.8, 110%, IF(AVERAGEIF('Penilaian Resiko'!$C:$C, Overview!I$2, 'Penilaian Resiko'!$D:$D) <7.4, 3/4*100%, 3/5*100%)) -> 1.1 | J14: 0.1 | K14: =J14*I14 -> 0.11
C15: Progress | E15: =SUM(E4:E14) -> 0.91723761 | F15: Progress | H15: =SUM(H4:H14) -> 0.94522115 | I15: Progress | K15: =SUM(K4:K14) -> 0.87119593

Sheet Overview tanpa KPI
A2: No | B2: Aspek Penilaian | C2: Asep Kristiono | F2: Dian Septianti | I2: Waras Suyitno
C3: Nilai | D3: Bobotan | E3: Score | F3: Nilai | G3: Bobotan | H3: Score | I3: Nilai | J3: Bobotan | K3: Score
A4: 1 | B4: STR | C4: =IFERROR(COUNTIFS(STR!$V:$V, 'Overview tanpa KPI'!C$2, STR!$X:$X, "TRUE")/COUNTIFS(STR!$V:$V, 'Overview tanpa KPI'!C2), 0) -> 1 | D4: 0.15 | E4: =D4*C4 -> 0.15 | F4: =IFERROR(COUNTIFS(STR!$V:$V, 'Overview tanpa KPI'!F$2, STR!$X:$X, "TRUE")/COUNTIFS(STR!$V:$V, 'Overview tanpa KPI'!F2), 0) -> 1 | G4: 0.15 | H4: =G4*F4 -> 0.15 | I4: =IFERROR(COUNTIFS(STR!$V:$V, 'Overview tanpa KPI'!I$2, STR!$X:$X, "TRUE")/COUNTIFS(STR!$V:$V, 'Overview tanpa KPI'!I2), 0) -> 0.6 | J4: 0.15 | K4: =J4*I4 -> 0.09
A5: 2 | B5: Bad Data | C5: =1-AVERAGEIF('Bad Data'!$C:$C, 'Overview tanpa KPI'!C$2, 'Bad Data'!$D:$D) -> 0.99599818 | D5: 0.1 | E5: =D5*C5 -> 0.099599818 | F5: =1-AVERAGEIF('Bad Data'!$C:$C, 'Overview tanpa KPI'!F$2, 'Bad Data'!$D:$D) -> 0.99636909 | G5: 0.1 | H5: =G5*F5 -> 0.099636909 | I5: =1-AVERAGEIF('Bad Data'!$C:$C, 'Overview tanpa KPI'!I$2, 'Bad Data'!$D:$D) -> 0.99512455 | J5: 0.1 | K5: =J5*I5 -> 0.099512455
A6: 3 | B6: Pengkinian Data | C6: =AVERAGEIF('Pengkinian Data'!$C:$C, 'Overview tanpa KPI'!C$2, 'Pengkinian Data'!$D:$D) -> 0.97166364 | D6: 0.1 | E6: =D6*C6 -> 0.097166364 | F6: =AVERAGEIF('Pengkinian Data'!$C:$C, 'Overview tanpa KPI'!F$2, 'Pengkinian Data'!$D:$D) -> 0.98101818 | G6: 0.1 | H6: =G6*F6 -> 0.098101818 | I6: =AVERAGEIF('Pengkinian Data'!$C:$C, 'Overview tanpa KPI'!I$2, 'Pengkinian Data'!$D:$D) -> 0.9776 | J6: 0.1 | K6: =J6*I6 -> 0.09776 | R6: .
A7: 4 | B7: Uji Petik | C7: {=IFERROR(SUMPRODUCT(--('[3]Uji Petik'!$E$3:$E$73<>""), --('[3]Uji Petik'!$C$3:$C$73=C2)) / SUMPRODUCT(--('[3]Uji Petik'!$C$3:$C$73=C2)), 0)} -> 1 | D7: 0 | E7: =D7*C7 -> 0 | F7: {=IFERROR(SUMPRODUCT(--('[3]Uji Petik'!$E$3:$E$73<>""), --('[3]Uji Petik'!$C$3:$C$73=F2)) / SUMPRODUCT(--('[3]Uji Petik'!$C$3:$C$73=F2)), 0)} -> 0 | G7: 0 | H7: =G7*F7 -> 0 | I7: {=IFERROR(SUMPRODUCT(--('[3]Uji Petik'!$E$3:$E$73<>""), --('[3]Uji Petik'!$C$3:$C$73=I2)) / SUMPRODUCT(--('[3]Uji Petik'!$C$3:$C$73=I2)), 0)} -> 0 | J7: 0 | K7: =J7*I7 -> 0
A8: 5 | B8: Sosialisasi | C8: {=IFERROR(AVERAGE(IF([1]Sosialisasi!$C$1:$C$10000=C2, [1]Sosialisasi!$D$1:$D$10000)), 0)} -> 0.27272727 | D8: 0.15 | E8: =D8*C8 -> 0.040909091 | F8: {=IFERROR(AVERAGE(IF([1]Sosialisasi!$C$1:$C$10000=F2, [1]Sosialisasi!$D$1:$D$10000)), 0)} -> 0.45454545 | G8: 0.15 | H8: =G8*F8 -> 0.068181818 | I8: {=IFERROR(AVERAGE(IF([1]Sosialisasi!$C$1:$C$10000=I2, [1]Sosialisasi!$D$1:$D$10000)), 0)} -> 0.36363636 | J8: 0.15 | K8: =J8*I8 -> 0.054545455
A9: 6 | B9: EDD | C9: =AVERAGEIF('EDD PEP PPATK'!$C:$C, 'Overview tanpa KPI'!C$2, 'EDD PEP PPATK'!$D:$D) -> 0.99562336 | D9: 0.1 | E9: =D9*C9 -> 0.099562336 | F9: =AVERAGEIF('EDD PEP PPATK'!$C:$C, 'Overview tanpa KPI'!F$2, 'EDD PEP PPATK'!$D:$D) -> 0.99300606 | G9: 0.1 | H9: =G9*F9 -> 0.099300606 | I9: =AVERAGEIF('EDD PEP PPATK'!$C:$C, 'Overview tanpa KPI'!I$2, 'EDD PEP PPATK'!$D:$D) -> 0.99378026 | J9: 0.1 | K9: =J9*I9 -> 0.099378026
A10: 7 | B10: Self Learning Keikutsertaan | C10: {=IFERROR(AVERAGE(IF('[1]Sheet2 (2)'!$C$1:$C$10000=C$2, '[1]Sheet2 (2)'!$D$1:$D$10000)), 0)} -> 0.99765264 | D10: 0.05 | E10: =D10*C10 -> 0.049882632 | F10: {=IFERROR(AVERAGE(IF('[1]Sheet2 (2)'!$C$1:$C$10000=F$2, '[1]Sheet2 (2)'!$D$1:$D$10000)), 0)} -> 0.99800519 | G10: 0.05 | H10: =G10*F10 -> 0.04990026 | I10: {=IFERROR(AVERAGE(IF('[1]Sheet2 (2)'!$C$1:$C$10000=I$2, '[1]Sheet2 (2)'!$D$1:$D$10000)), 0)} -> 0.99616446 | J10: 0.05 | K10: =J10*I10 -> 0.049808223
A11: 8 | B11: Self Learning Score | C11: {=IFERROR(AVERAGE(IF('[1]Sheet2 (3)'!$C$1:$C$10000=C2, '[1]Sheet2 (3)'!$D$1:$D$10000)), 0)} -> 98.378631 | D11: 0.05 | E11: =D11*C11 -> 4.9189315 | F11: {=IFERROR(AVERAGE(IF('[1]Sheet2 (3)'!$C$1:$C$10000=F2, '[1]Sheet2 (3)'!$D$1:$D$10000)), 0)} -> 98.494335 | G11: 0.05 | H11: =G11*F11 -> 4.9247168 | I11: {=IFERROR(AVERAGE(IF('[1]Sheet2 (3)'!$C$1:$C$10000=I2, '[1]Sheet2 (3)'!$D$1:$D$10000)), 0)} -> 98.43802 | J11: 0.05 | K11: =J11*I11 -> 4.921901
A12: 9 | B12: Maturitas | C12: =AVERAGEIF('Nilai Maturitas'!$C:$C, 'Overview tanpa KPI'!C2, 'Nilai Maturitas'!$D:$D) -> 8.5939865 | D12: 0.1 | E12: =D12*C12 -> 0.85939865 | F12: =AVERAGEIF('Nilai Maturitas'!$C:$C, 'Overview tanpa KPI'!F2, 'Nilai Maturitas'!$D:$D) -> 8.4248511 | G12: 0.1 | H12: =G12*F12 -> 0.84248511 | I12: =AVERAGEIF('Nilai Maturitas'!$C:$C, 'Overview tanpa KPI'!I2, 'Nilai Maturitas'!$D:$D) -> 9.1956273 | J12: 0.1 | K12: =J12*I12 -> 0.91956273
A13: 10 | B13: Maturitas Dashboard | C13: =AVERAGEIF('Maturitas Dashboard'!$C:$C, 'Overview tanpa KPI'!C$2, 'Maturitas Dashboard'!$D:$D) -> 8.875 | D13: 0.1 | E13: =D13*C13 -> 0.8875 | F13: =AVERAGEIF('Maturitas Dashboard'!$C:$C, 'Overview tanpa KPI'!F$2, 'Maturitas Dashboard'!$D:$D) -> 8.875 | G13: 0.1 | H13: =G13*F13 -> 0.8875 | I13: =AVERAGEIF('Maturitas Dashboard'!$C:$C, 'Overview tanpa KPI'!I$2, 'Maturitas Dashboard'!$D:$D) -> 8.75 | J13: 0.1 | K13: =J13*I13 -> 0.875
A14: 11 | B14: Penilaian Resiko | C14: =AVERAGEIF('Penilaian Resiko'!$C:$C, 'Overview tanpa KPI'!C$2, 'Penilaian Resiko'!$D:$D) -> 5.1100875 | D14: 0.1 | E14: =D14*C14 -> 0.51100875 | F14: =AVERAGEIF('Penilaian Resiko'!$C:$C, 'Overview tanpa KPI'!F$2, 'Penilaian Resiko'!$D:$D) -> 4.7996008 | G14: 0.1 | H14: =G14*F14 -> 0.47996008 | I14: =AVERAGEIF('Penilaian Resiko'!$C:$C, 'Overview tanpa KPI'!I$2, 'Penilaian Resiko'!$D:$D) -> 5.078996 | J14: 0.1 | K14: =J14*I14 -> 0.5078996
C15: Progress | E15: =SUM(E4:E14) -> 7.7139592 | F15: Progress | H15: =SUM(H4:H14) -> 7.6997834 | I15: Progress | K15: =SUM(K4:K14) -> 7.7153675

Sheet Overview KPI
A2: No | B2: Aspek Penilaian | C2: Asep Kristiono | F2: Dian Septianti | I2: Waras Suyitno
C3: Nilai | D3: Bobotan | E3: Score | F3: Nilai | G3: Bobotan | H3: Score | I3: Nilai | J3: Bobotan | K3: Score
A4: 1 | B4: STR | C4: =IFERROR(COUNTIFS(STR!$V:$V, 'Overview KPI'!C$2, STR!$X:$X, "TRUE")/COUNTIFS(STR!$V:$V, 'Overview KPI'!C2), 0) -> 1 | D4: 0.05 | E4: =D4*C4 -> 0.05 | F4: =IFERROR(COUNTIFS(STR!$V:$V, 'Overview KPI'!F$2, STR!$X:$X, "TRUE")/COUNTIFS(STR!$V:$V, 'Overview KPI'!F2), 0) -> 1 | G4: 0.05 | H4: =G4*F4 -> 0.05 | I4: =IFERROR(COUNTIFS(STR!$V:$V, 'Overview KPI'!I$2, STR!$X:$X, "TRUE")/COUNTIFS(STR!$V:$V, 'Overview KPI'!I2), 0) -> 0.6 | J4: 0.05 | K4: =J4*I4 -> 0.03
A5: 2 | B5: Kualitas STR | C5: =IFERROR(AVERAGEIF(STR!$V:$V, 'Overview KPI'!C2, STR!$Z:$Z), 0)/4 -> 0.82879464 | D5: 0.15 | E5: =D5*C5 -> 0.1243192 | F5: =IFERROR(AVERAGEIF(STR!$V:$V, 'Overview KPI'!F2, STR!$Z:$Z), 0)/4 -> 0 | G5: 0.15 | H5: =G5*F5 -> 0 | I5: =IFERROR(AVERAGEIF(STR!$V:$V, 'Overview KPI'!I2, STR!$Z:$Z), 0)/4 -> 0 | J5: 0.15 | K5: =J5*I5 -> 0
A6: 3 | B6: Bad Data | C6: =1-AVERAGEIF('Bad Data'!$C:$C, 'Overview KPI'!C$2, 'Bad Data'!$D:$D) -> 0.99599818 | D6: 0.1 | E6: =D6*C6 -> 0.099599818 | F6: =1-AVERAGEIF('Bad Data'!$C:$C, 'Overview KPI'!F$2, 'Bad Data'!$D:$D) -> 0.99636909 | G6: 0.1 | H6: =G6*F6 -> 0.099636909 | I6: =1-AVERAGEIF('Bad Data'!$C:$C, 'Overview KPI'!I$2, 'Bad Data'!$D:$D) -> 0.99512455 | J6: 0.1 | K6: =J6*I6 -> 0.099512455
A7: 4 | B7: Pengkinian Data | C7: =AVERAGEIF('Pengkinian Data'!$C:$C, 'Overview KPI'!C$2, 'Pengkinian Data'!$D:$D) -> 0.97166364 | D7: 0.1 | E7: =D7*C7 -> 0.097166364 | F7: =AVERAGEIF('Pengkinian Data'!$C:$C, 'Overview KPI'!F$2, 'Pengkinian Data'!$D:$D) -> 0.98101818 | G7: 0.1 | H7: =G7*F7 -> 0.098101818 | I7: =AVERAGEIF('Pengkinian Data'!$C:$C, 'Overview KPI'!I$2, 'Pengkinian Data'!$D:$D) -> 0.9776 | J7: 0.1 | K7: =J7*I7 -> 0.09776 | R7: .
A8: 5 | B8: Uji Petik | C8: {=IFERROR(SUMPRODUCT(--('[3]Uji Petik'!$E$3:$E$73<>""), --('[3]Uji Petik'!$C$3:$C$73=C2)) / SUMPRODUCT(--('[3]Uji Petik'!$C$3:$C$73=C2)), 0)} -> 1 | D8: 0.075 | E8: =D8*C8 -> 0.075 | F8: {=IFERROR(SUMPRODUCT(--('[3]Uji Petik'!$E$3:$E$73<>""), --('[3]Uji Petik'!$C$3:$C$73=F2)) / SUMPRODUCT(--('[3]Uji Petik'!$C$3:$C$73=F2)), 0)} -> 0 | G8: 0.075 | H8: =G8*F8 -> 0 | I8: {=IFERROR(SUMPRODUCT(--('[3]Uji Petik'!$E$3:$E$73<>""), --('[3]Uji Petik'!$C$3:$C$73=I2)) / SUMPRODUCT(--('[3]Uji Petik'!$C$3:$C$73=I2)), 0)} -> 0 | J8: 0.075 | K8: =J8*I8 -> 0
A9: 6 | B9: Sosialisasi | C9: {=IFERROR(AVERAGE(IF([1]Sosialisasi!$C$1:$C$10000=C2, [1]Sosialisasi!$D$1:$D$10000)), 0)} -> 0.27272727 | D9: 0.075 | E9: =D9*C9 -> 0.020454545 | F9: {=IFERROR(AVERAGE(IF([1]Sosialisasi!$C$1:$C$10000=F2, [1]Sosialisasi!$D$1:$D$10000)), 0)} -> 0.45454545 | G9: 0.075 | H9: =G9*F9 -> 0.034090909 | I9: {=IFERROR(AVERAGE(IF([1]Sosialisasi!$C$1:$C$10000=I2, [1]Sosialisasi!$D$1:$D$10000)), 0)} -> 0.36363636 | J9: 0.075 | K9: =J9*I9 -> 0.027272727
A10: 7 | B10: EDD | C10: =AVERAGEIF('EDD PEP PPATK'!$C:$C, 'Overview KPI'!C$2, 'EDD PEP PPATK'!$D:$D) -> 0.99562336 | D10: 0.1 | E10: =D10*C10 -> 0.099562336 | F10: =AVERAGEIF('EDD PEP PPATK'!$C:$C, 'Overview KPI'!F$2, 'EDD PEP PPATK'!$D:$D) -> 0.99300606 | G10: 0.1 | H10: =G10*F10 -> 0.099300606 | I10: =AVERAGEIF('EDD PEP PPATK'!$C:$C, 'Overview KPI'!I$2, 'EDD PEP PPATK'!$D:$D) -> 0.99378026 | J10: 0.1 | K10: =J10*I10 -> 0.099378026
A11: 8 | B11: Self Learning Keikutsertaan | C11: {=IF(IFERROR(AVERAGE(IF('[1]Sheet2 (2)'!$C$1:$C$10000=C$2, '[1]Sheet2 (2)'!$D$1:$D$10000)), 0)>0.9, 1, IFERROR(AVERAGE(IF('[1]Sheet2 (2)'!$C$1:$C$10000=C$2, '[1]Sheet2 (2)'!$D$1:$D$10000)), 0))} -> 1 | D11: 0.025 | E11: =D11*C11 -> 0.025 | F11: {=IF(IFERROR(AVERAGE(IF('[1]Sheet2 (2)'!$C$1:$C$10000=F$2, '[1]Sheet2 (2)'!$D$1:$D$10000)), 0)>0.9, 1, IFERROR(AVERAGE(IF('[1]Sheet2 (2)'!$C$1:$C$10000=F$2, '[1]Sheet2 (2)'!$D$1:$D$10000)), 0))} -> 1 | G11: 0.025 | H11: =G11*F11 -> 0.025 | I11: {=IF(IFERROR(AVERAGE(IF('[1]Sheet2 (2)'!$C$1:$C$10000=I$2, '[1]Sheet2 (2)'!$D$1:$D$10000)), 0)>0.9, 1, IFERROR(AVERAGE(IF('[1]Sheet2 (2)'!$C$1:$C$10000=I$2, '[1]Sheet2 (2)'!$D$1:$D$10000)), 0))} -> 1 | J11: 0.025 | K11: =J11*I11 -> 0.025
A12: 9 | B12: Self Learning Score | C12: {=IF(IFERROR(AVERAGE(IF('[1]Sheet2 (3)'!$C$1:$C$10000=C2, '[1]Sheet2 (3)'!$D$1:$D$10000)), 0)>90, 1, IFERROR(AVERAGE(IF('[1]Sheet2 (3)'!$C$1:$C$10000=C2, '[1]Sheet2 (3)'!$D$1:$D$10000)), 0)/90)} -> 1 | D12: 0.025 | E12: =D12*C12 -> 0.025 | F12: {=IF(IFERROR(AVERAGE(IF('[1]Sheet2 (3)'!$C$1:$C$10000=F2, '[1]Sheet2 (3)'!$D$1:$D$10000)), 0)>90, 1, IFERROR(AVERAGE(IF('[1]Sheet2 (3)'!$C$1:$C$10000=F2, '[1]Sheet2 (3)'!$D$1:$D$10000)), 0)/90)} -> 1 | G12: 0.025 | H12: =G12*F12 -> 0.025 | I12: {=IF(IFERROR(AVERAGE(IF('[1]Sheet2 (3)'!$C$1:$C$10000=I2, '[1]Sheet2 (3)'!$D$1:$D$10000)), 0)>90, 1, IFERROR(AVERAGE(IF('[1]Sheet2 (3)'!$C$1:$C$10000=I2, '[1]Sheet2 (3)'!$D$1:$D$10000)), 0)/90)} -> 1 | J12: 0.025 | K12: =J12*I12 -> 0.025
A13: 10 | B13: Maturitas | C13: =IF(AVERAGEIF('Nilai Maturitas'!$C:$C, 'Overview KPI'!C2, 'Nilai Maturitas'!$D:$D) > 8, 110%, AVERAGEIF('Nilai Maturitas'!$C:$C, 'Overview KPI'!C2, 'Nilai Maturitas'!$D:$D)/8*100%) -> 1.1 | D13: 0.1 | E13: =D13*C13 -> 0.11 | F13: =IF(AVERAGEIF('Nilai Maturitas'!$C:$C, 'Overview KPI'!F2, 'Nilai Maturitas'!$D:$D) > 8, 110%, AVERAGEIF('Nilai Maturitas'!$C:$C, 'Overview KPI'!F2, 'Nilai Maturitas'!$D:$D)/8*100%) -> 1.1 | G13: 0.1 | H13: =G13*F13 -> 0.11 | I13: =IF(AVERAGEIF('Nilai Maturitas'!$C:$C, 'Overview KPI'!I2, 'Nilai Maturitas'!$D:$D) > 8, 110%, AVERAGEIF('Nilai Maturitas'!$C:$C, 'Overview KPI'!I2, 'Nilai Maturitas'!$D:$D)/8*100%) -> 1.1 | J13: 0.1 | K13: =J13*I13 -> 0.11
A14: 11 | B14: Maturitas Dashboard | C14: =IF(AVERAGEIF('Maturitas Dashboard'!$C:$C, 'Overview KPI'!C$2, 'Maturitas Dashboard'!$D:$D) > 8, 110%, AVERAGEIF('Maturitas Dashboard'!$C:$C, 'Overview KPI'!C$2, 'Maturitas Dashboard'!$D:$D)/8*100%) -> 1.1 | D14: 0.1 | E14: =D14*C14 -> 0.11 | F14: =IF(AVERAGEIF('Maturitas Dashboard'!$C:$C, 'Overview KPI'!F$2, 'Maturitas Dashboard'!$D:$D) > 8, 110%, AVERAGEIF('Maturitas Dashboard'!$C:$C, 'Overview KPI'!F$2, 'Maturitas Dashboard'!$D:$D)/8*100%) -> 1.1 | G14: 0.1 | H14: =G14*F14 -> 0.11 | I14: =IF(AVERAGEIF('Maturitas Dashboard'!$C:$C, 'Overview KPI'!I$2, 'Maturitas Dashboard'!$D:$D) > 8, 110%, AVERAGEIF('Maturitas Dashboard'!$C:$C, 'Overview KPI'!I$2, 'Maturitas Dashboard'!$D:$D)/8*100%) -> 1.1 | J14: 0.1 | K14: =J14*I14 -> 0.11
A15: 12 | B15: Penilaian Resiko | C15: =IF(AVERAGEIF('Penilaian Resiko'!$C:$C, 'Overview KPI'!C$2, 'Penilaian Resiko'!$D:$D) < 5.8, 110%, IF(AVERAGEIF('Penilaian Resiko'!$C:$C, 'Overview KPI'!C$2, 'Penilaian Resiko'!$D:$D) <7.4, 3/4*100%, 3/5*100%)) -> 1.1 | D15: 0.1 | E15: =D15*C15 -> 0.11 | F15: =IF(AVERAGEIF('Penilaian Resiko'!$C:$C, 'Overview KPI'!F$2, 'Penilaian Resiko'!$D:$D) < 5.8, 110%, IF(AVERAGEIF('Penilaian Resiko'!$C:$C, 'Overview KPI'!F$2, 'Penilaian Resiko'!$D:$D) <7.4, 3/4*100%, 3/5*100%)) -> 1.1 | G15: 0.1 | H15: =G15*F15 -> 0.11 | I15: =IF(AVERAGEIF('Penilaian Resiko'!$C:$C, 'Overview KPI'!I$2, 'Penilaian Resiko'!$D:$D) < 5.8, 110%, IF(AVERAGEIF('Penilaian Resiko'!$C:$C, 'Overview KPI'!I$2, 'Penilaian Resiko'!$D:$D) <7.4, 3/4*100%, 3/5*100%)) -> 1.1 | J15: 0.1 | K15: =J15*I15 -> 0.11
C16: Progress | E16: =SUM(E4:E15) -> 0.94610226 | F16: Progress | H16: =SUM(H4:H15) -> 0.76113024 | I16: Progress | K16: =SUM(K4:K15) -> 0.73392321
